ts_code,trade_date,open,high,low,close,pre_close,change,pct_chg,vol,amount
000570.SZ,20241106,5.2,5.27,5.15,5.24,5.2,0.04,0.7692,183682.52,96087.213
000570.SZ,20241105,5.17,5.2,5.14,5.2,5.16,0.04,0.7752,126363.51,65461.752
000570.SZ,20241104,5.04,5.17,5.04,5.16,5.08,0.08,1.5748,88042.5,45186.321
000570.SZ,20241101,5.21,5.27,5.02,5.08,5.21,-0.13,-2.4952,137470.92,70271.508
000570.SZ,20241031,5.14,5.26,5.14,5.21,5.12,0.09,1.7578,149214.46,77593.302
000570.SZ,20241030,5.08,5.17,5.07,5.12,5.11,0.01,0.1957,95683.48,48937.788
000570.SZ,20241029,5.24,5.26,5.09,5.11,5.21,-0.1,-1.9194,131133.58,67425.609
000570.SZ,20241028,5.06,5.23,5.03,5.21,5.04,0.17,3.373,164140.46,84546.345
000570.SZ,20241025,4.92,5.05,4.91,5.04,4.93,0.11,2.2312,120474.48,60292.774
000570.SZ,20241024,4.88,5.01,4.88,4.93,4.89,0.04,0.818,88247.0,43507.226
000570.SZ,20241023,4.87,4.97,4.87,4.89,4.9,-0.01,-0.2041,107732.96,53025.956
000570.SZ,20241022,4.82,4.93,4.8,4.9,4.82,0.08,1.6598,105709.0,51451.331
000570.SZ,20241021,4.85,4.88,4.79,4.82,4.84,-0.02,-0.4132,119994.6,58092.652
000570.SZ,20241018,4.75,4.89,4.71,4.84,4.74,0.1,2.1097,114113.87,54844.487
000570.SZ,20241017,4.81,4.88,4.73,4.74,4.79,-0.05,-1.0438,65783.0,31601.072
000570.SZ,20241016,4.78,4.84,4.76,4.79,4.8,-0.01,-0.2083,78210.11,37583.728
000570.SZ,20241015,4.88,4.92,4.8,4.8,4.91,-0.11,-2.2403,89320.01,43379.34
000570.SZ,20241014,4.87,4.91,4.81,4.91,4.81,0.1,2.079,92578.28,45095.374
000570.SZ,20241011,4.96,4.98,4.77,4.81,4.96,-0.15,-3.0242,115403.29,56264.512
000570.SZ,20241010,4.96,5.06,4.84,4.96,4.95,0.01,0.202,129799.39,64685.013
000570.SZ,20241009,5.2,5.23,4.91,4.95,5.36,-0.41,-7.6493,234989.79,118959.072
000570.SZ,20241008,5.66,5.66,5.1,5.36,5.18,0.18,3.4749,373023.36,200044.864
000570.SZ,20240930,4.96,5.23,4.83,5.18,4.82,0.36,7.4689,382630.61,193031.577
000570.SZ,20240927,4.74,4.87,4.66,4.82,4.68,0.14,2.9915,189874.01,90489.313
000570.SZ,20240926,4.51,4.68,4.49,4.68,4.53,0.15,3.3113,147276.47,67783.378
000570.SZ,20240925,4.52,4.64,4.5,4.53,4.52,0.01,0.2212,155768.12,71123.86
000570.SZ,20240924,4.44,4.53,4.41,4.52,4.43,0.09,2.0316,142463.94,63900.128
000570.SZ,20240923,4.39,4.44,4.35,4.43,4.41,0.02,0.4535,69200.42,30455.051
000570.SZ,20240920,4.42,4.44,4.35,4.41,4.44,-0.03,-0.6757,92777.2,40772.046
000570.SZ,20240919,4.32,4.47,4.29,4.44,4.32,0.12,2.7778,141500.97,61948.878
000570.SZ,20240918,4.27,4.32,4.23,4.32,4.26,0.06,1.4085,70328.2,30046.108
000570.SZ,20240913,4.4,4.41,4.26,4.26,4.38,-0.12,-2.7397,103413.0,44556.262
000570.SZ,20240912,4.4,4.45,4.36,4.38,4.41,-0.03,-0.6803,101389.0,44521.839
000570.SZ,20240911,4.38,4.55,4.35,4.41,4.39,0.02,0.4556,146526.2,64894.239
000570.SZ,20240910,4.48,4.5,4.33,4.39,4.48,-0.09,-2.0089,130116.01,57112.938
000570.SZ,20240909,4.4,4.51,4.38,4.48,4.45,0.03,0.6742,207100.03,92150.065
000570.SZ,20240906,4.51,4.52,4.38,4.45,4.63,-0.18,-3.8877,356436.1,157854.387
000570.SZ,20240905,4.23,4.63,4.23,4.63,4.21,0.42,9.9762,277676.24,127087.628
000570.SZ,20240904,4.2,4.26,4.18,4.21,4.23,-0.02,-0.4728,34048.58,14338.262
000570.SZ,20240903,4.2,4.26,4.19,4.23,4.22,0.01,0.237,29112.0,12312.286
000570.SZ,20240902,4.31,4.33,4.21,4.22,4.28,-0.06,-1.4019,40415.97,17272.307
000570.SZ,20240830,4.25,4.36,4.22,4.28,4.24,0.04,0.9434,49329.01,21198.853
000570.SZ,20240829,4.2,4.25,4.16,4.24,4.2,0.04,0.9524,31141.0,13151.448
000570.SZ,20240828,4.14,4.26,4.13,4.2,4.17,0.03,0.7194,38597.1,16209.293
000570.SZ,20240827,4.29,4.29,4.16,4.17,4.3,-0.13,-3.0233,50088.39,21044.971
000570.SZ,20240826,4.22,4.31,4.18,4.3,4.2,0.1,2.381,70066.0,29770.382
000570.SZ,20240823,4.3,4.3,4.16,4.2,4.32,-0.12,-2.7778,73269.2,30829.518
000570.SZ,20240822,4.36,4.4,4.3,4.32,4.36,-0.04,-0.9174,35187.01,15281.382
000570.SZ,20240821,4.38,4.4,4.34,4.36,4.39,-0.03,-0.6834,33650.0,14698.69
000570.SZ,20240820,4.45,4.45,4.34,4.39,4.46,-0.07,-1.5695,41724.0,18297.563
000570.SZ,20240819,4.43,4.5,4.42,4.46,4.44,0.02,0.4505,35650.0,15910.93
000570.SZ,20240816,4.51,4.54,4.43,4.44,4.51,-0.07,-1.5521,41307.87,18487.333
000570.SZ,20240815,4.49,4.55,4.45,4.51,4.49,0.02,0.4454,49697.0,22369.446
000570.SZ,20240814,4.51,4.53,4.47,4.49,4.51,-0.02,-0.4435,27312.0,12275.656
000570.SZ,20240813,4.44,4.51,4.4,4.51,4.45,0.06,1.3483,34172.5,15232.625
000570.SZ,20240812,4.43,4.5,4.43,4.45,4.46,-0.01,-0.2242,32570.0,14540.947
000570.SZ,20240809,4.52,4.54,4.46,4.46,4.49,-0.03,-0.6682,29333.0,13213.404
000570.SZ,20240808,4.49,4.53,4.44,4.49,4.52,-0.03,-0.6637,42376.02,19026.413
000570.SZ,20240807,4.56,4.57,4.5,4.52,4.54,-0.02,-0.4405,32319.1,14649.583
000570.SZ,20240806,4.5,4.55,4.48,4.54,4.47,0.07,1.566,41951.0,18934.52
000570.SZ,20240805,4.57,4.62,4.46,4.47,4.58,-0.11,-2.4017,53407.5,24239.356
000570.SZ,20240802,4.67,4.7,4.55,4.58,4.7,-0.12,-2.5532,73613.0,34061.719
000570.SZ,20240801,4.65,4.76,4.6,4.7,4.62,0.08,1.7316,90502.27,42426.75
000570.SZ,20240731,4.55,4.64,4.53,4.62,4.54,0.08,1.7621,65685.27,30198.449
000570.SZ,20240730,4.47,4.56,4.45,4.54,4.47,0.07,1.566,56260.27,25392.371
000570.SZ,20240729,4.45,4.5,4.42,4.47,4.45,0.02,0.4494,41545.5,18566.697
000570.SZ,20240726,4.29,4.45,4.28,4.45,4.3,0.15,3.4884,66769.5,29408.13
000570.SZ,20240725,4.22,4.31,4.2,4.3,4.23,0.07,1.6548,39214.5,16721.377
000570.SZ,20240724,4.31,4.31,4.21,4.23,4.29,-0.06,-1.3986,44042.0,18726.917
000570.SZ,20240723,4.34,4.4,4.29,4.29,4.34,-0.05,-1.1521,40080.02,17411.196
000570.SZ,20240722,4.35,4.37,4.31,4.34,4.36,-0.02,-0.4587,34488.02,14945.78
000570.SZ,20240719,4.36,4.41,4.34,4.36,4.36,0.0,0.0,32911.01,14405.945
000570.SZ,20240718,4.36,4.37,4.25,4.36,4.37,-0.01,-0.2288,46785.0,20154.235
000570.SZ,20240717,4.44,4.45,4.36,4.37,4.46,-0.09,-2.0179,41949.0,18418.909
000570.SZ,20240716,4.4,4.47,4.39,4.46,4.44,0.02,0.4505,37877.1,16775.546
000570.SZ,20240715,4.48,4.5,4.42,4.44,4.47,-0.03,-0.6711,45849.0,20428.056
000570.SZ,20240712,4.44,4.54,4.43,4.47,4.46,0.01,0.2242,60131.1,26957.836
000570.SZ,20240711,4.33,4.48,4.33,4.46,4.28,0.18,4.2056,82522.5,36436.2
000570.SZ,20240710,4.3,4.38,4.27,4.28,4.33,-0.05,-1.1547,55715.5,24036.364
000570.SZ,20240709,4.28,4.35,4.17,4.33,4.29,0.04,0.9324,76312.01,32653.074
000570.SZ,20240708,4.43,4.43,4.26,4.29,4.45,-0.16,-3.5955,49274.01,21315.068
000570.SZ,20240705,4.38,4.46,4.34,4.45,4.38,0.07,1.5982,44391.5,19572.802
000570.SZ,20240704,4.52,4.54,4.38,4.38,4.52,-0.14,-3.0973,45853.4,20370.624
000570.SZ,20240703,4.54,4.58,4.51,4.52,4.56,-0.04,-0.8772,42226.0,19182.473
000570.SZ,20240702,4.5,4.57,4.49,4.56,4.51,0.05,1.1086,61221.01,27771.894
000570.SZ,20240701,4.46,4.52,4.42,4.51,4.47,0.04,0.8949,52496.5,23471.365
000570.SZ,20240628,4.42,4.52,4.4,4.47,4.43,0.04,0.9029,60522.0,27087.461
000570.SZ,20240627,4.49,4.52,4.42,4.43,4.49,-0.06,-1.3363,46922.0,20972.667
000570.SZ,20240626,4.34,4.5,4.34,4.49,4.37,0.12,2.746,51307.01,22724.909
000570.SZ,20240625,4.3,4.42,4.29,4.37,4.32,0.05,1.1574,55951.98,24493.39
000570.SZ,20240624,4.46,4.46,4.3,4.32,4.49,-0.17,-3.7862,69725.0,30359.83
000570.SZ,20240621,4.49,4.54,4.45,4.49,4.49,0.0,0.0,33952.0,15256.533
000570.SZ,20240620,4.6,4.62,4.49,4.49,4.61,-0.12,-2.603,46397.0,21029.32
000570.SZ,20240619,4.62,4.66,4.58,4.61,4.62,-0.01,-0.2165,43185.0,19943.338
000570.SZ,20240618,4.51,4.62,4.5,4.62,4.5,0.12,2.6667,53850.0,24630.875
000570.SZ,20240617,4.56,4.58,4.49,4.5,4.56,-0.06,-1.3158,46562.0,21077.261
000570.SZ,20240614,4.58,4.59,4.5,4.56,4.58,-0.02,-0.4367,50990.0,23190.409
000570.SZ,20240613,4.64,4.7,4.56,4.58,4.64,-0.06,-1.2931,52607.0,24288.465
000570.SZ,20240612,4.53,4.65,4.52,4.64,4.53,0.11,2.4283,64347.0,29599.596
000570.SZ,20240611,4.57,4.57,4.47,4.53,4.58,-0.05,-1.0917,78983.56,35628.432
000570.SZ,20240607,4.45,4.59,4.45,4.58,4.38,0.2,4.5662,105723.13,47906.836
000570.SZ,20240606,4.62,4.65,4.35,4.38,4.64,-0.26,-5.6034,156674.01,69789.297
000570.SZ,20240605,4.78,4.79,4.63,4.64,4.79,-0.15,-3.1315,77387.0,36323.118
000570.SZ,20240604,4.78,4.81,4.7,4.79,4.81,-0.02,-0.4158,63410.1,30173.959
000570.SZ,20240603,4.92,4.93,4.75,4.81,4.94,-0.13,-2.6316,100524.1,48454.126
000570.SZ,20240531,4.99,4.99,4.92,4.94,4.93,0.01,0.2028,82983.01,41054.373
000570.SZ,20240530,4.93,5.16,4.9,4.93,4.93,0.0,0.0,134520.0,67446.49
000570.SZ,20240529,4.9,4.96,4.88,4.93,4.92,0.01,0.2033,49938.0,24594.045
000570.SZ,20240528,5.0,5.01,4.91,4.92,5.01,-0.09,-1.7964,45824.02,22716.642
000570.SZ,20240527,4.97,5.02,4.9,5.01,4.96,0.05,1.0081,57742.0,28619.266
000570.SZ,20240524,4.95,5.04,4.9,4.96,4.97,-0.01,-0.2012,62859.01,31381.664
000570.SZ,20240523,5.12,5.12,4.95,4.97,5.1,-0.13,-2.549,95043.0,47631.686
000570.SZ,20240522,5.13,5.19,5.09,5.1,5.1,0.0,0.0,66710.0,34241.598
000570.SZ,20240521,5.21,5.23,5.14,5.15,5.24,-0.09,-1.7176,72275.0,37397.445
000570.SZ,20240520,5.26,5.32,5.22,5.24,5.27,-0.03,-0.5693,84594.28,44518.164
000570.SZ,20240517,5.21,5.27,5.19,5.27,5.22,0.05,0.9579,77855.0,40803.536
000570.SZ,20240516,5.16,5.26,5.16,5.22,5.16,0.06,1.1628,84702.5,44159.43
000570.SZ,20240515,5.19,5.23,5.15,5.16,5.21,-0.05,-0.9597,63920.0,33166.304
000570.SZ,20240514,5.15,5.21,5.13,5.21,5.15,0.06,1.165,65509.0,33905.558
000570.SZ,20240513,5.2,5.22,5.13,5.15,5.25,-0.1,-1.9048,79693.0,41204.651
000570.SZ,20240510,5.24,5.27,5.18,5.25,5.24,0.01,0.1908,97969.0,51260.91
000570.SZ,20240509,5.16,5.27,5.16,5.24,5.18,0.06,1.1583,91436.6,47878.731
000570.SZ,20240508,5.3,5.31,5.17,5.18,5.23,-0.05,-0.956,100099.48,52243.477
000570.SZ,20240507,5.2,5.24,5.15,5.23,5.2,0.03,0.5769,106773.0,55582.467
000570.SZ,20240506,5.1,5.2,5.1,5.2,5.07,0.13,2.5641,122718.4,63433.732
000570.SZ,20240430,5.06,5.15,4.99,5.07,5.0,0.07,1.4,149361.02,75828.001
000570.SZ,20240429,4.85,5.0,4.84,5.0,4.87,0.13,2.6694,93227.02,46082.785
000570.SZ,20240426,4.78,4.87,4.76,4.87,4.79,0.08,1.6701,86252.02,41617.56
000570.SZ,20240425,4.76,4.83,4.73,4.79,4.78,0.01,0.2092,79764.0,38171.134
000570.SZ,20240424,4.71,4.78,4.7,4.78,4.69,0.09,1.919,68363.2,32392.576
000570.SZ,20240423,4.68,4.76,4.67,4.69,4.66,0.03,0.6438,77577.53,36488.196
000570.SZ,20240422,4.77,4.79,4.61,4.66,4.76,-0.1,-2.1008,82456.0,38711.028
000570.SZ,20240419,4.86,4.93,4.74,4.76,4.89,-0.13,-2.6585,132438.52,63562.162
000570.SZ,20240418,4.97,5.09,4.88,4.89,4.97,-0.08,-1.6097,143622.31,71738.813
000570.SZ,20240417,4.62,4.97,4.62,4.97,4.68,0.29,6.1966,169006.35,82353.886
000570.SZ,20240416,5.1,5.14,4.68,4.68,5.2,-0.52,-10.0,235576.57,112761.657
000570.SZ,20240415,5.4,5.45,5.07,5.2,5.48,-0.28,-5.1095,246347.31,129394.677
000570.SZ,20240412,5.37,5.65,5.35,5.48,5.4,0.08,1.4815,331831.52,181716.952
000570.SZ,20240411,5.27,5.41,5.21,5.4,5.31,0.09,1.6949,154124.59,82343.063
000570.SZ,20240410,5.36,5.43,5.25,5.31,5.38,-0.07,-1.3011,104989.28,55915.518
000570.SZ,20240409,5.23,5.38,5.21,5.38,5.23,0.15,2.8681,120221.19,63766.056
000570.SZ,20240408,5.29,5.47,5.19,5.23,5.3,-0.07,-1.3208,130187.0,68968.935
000570.SZ,20240403,5.35,5.36,5.25,5.3,5.36,-0.06,-1.1194,99751.01,52743.55
000570.SZ,20240402,5.32,5.39,5.3,5.36,5.33,0.03,0.5629,132104.08,70632.576
000570.SZ,20240401,5.26,5.34,5.23,5.33,5.23,0.1,1.912,127027.0,67279.726
000570.SZ,20240329,5.05,5.23,5.04,5.23,5.05,0.18,3.5644,118923.0,61316.568
000570.SZ,20240328,4.93,5.11,4.92,5.05,4.94,0.11,2.2267,98650.01,49735.035
000570.SZ,20240327,5.14,5.16,4.92,4.94,5.16,-0.22,-4.2636,132761.0,66764.073
000570.SZ,20240326,5.13,5.18,5.08,5.16,5.13,0.03,0.5848,116230.0,59659.729
000570.SZ,20240325,5.29,5.34,5.13,5.13,5.29,-0.16,-3.0246,109754.0,57589.219
000570.SZ,20240322,5.38,5.38,5.26,5.29,5.39,-0.1,-1.8553,126366.0,66954.014
000570.SZ,20240321,5.36,5.4,5.28,5.39,5.36,0.03,0.5597,133187.28,71281.206
000570.SZ,20240320,5.27,5.37,5.27,5.36,5.28,0.08,1.5152,142239.28,75755.676
000570.SZ,20240319,5.31,5.36,5.25,5.28,5.33,-0.05,-0.9381,129118.28,68574.615
000570.SZ,20240318,5.25,5.34,5.24,5.33,5.24,0.09,1.7176,147909.33,78212.961
000570.SZ,20240315,5.11,5.24,5.11,5.24,5.14,0.1,1.9455,147791.82,76736.101
000570.SZ,20240314,5.19,5.22,5.08,5.14,5.17,-0.03,-0.5803,115139.0,59444.165
000570.SZ,20240313,5.18,5.25,5.15,5.17,5.19,-0.02,-0.3854,136426.97,70844.58
000570.SZ,20240312,5.14,5.22,5.09,5.19,5.15,0.04,0.7767,137349.01,70764.665
000570.SZ,20240311,5.08,5.15,5.07,5.15,5.1,0.05,0.9804,112862.02,57662.493
000570.SZ,20240308,5.1,5.14,5.05,5.1,5.12,-0.02,-0.3906,115251.0,58681.72
000570.SZ,20240307,5.15,5.29,5.11,5.12,5.11,0.01,0.1957,177809.47,92291.145
000570.SZ,20240306,5.06,5.18,5.05,5.11,5.12,-0.01,-0.1953,110961.01,56798.474
000570.SZ,20240305,5.24,5.25,5.09,5.12,5.29,-0.17,-3.2136,167007.0,85864.301
000570.SZ,20240304,5.15,5.35,5.06,5.29,5.13,0.16,3.1189,272911.01,142262.632
000570.SZ,20240301,5.17,5.22,5.07,5.13,5.12,0.01,0.1953,148034.01,75928.901
000570.SZ,20240229,4.91,5.12,4.86,5.12,4.95,0.17,3.4343,199091.03,100430.722
000570.SZ,20240228,5.3,5.34,4.9,4.95,5.27,-0.32,-6.0721,348878.45,179652.378
000570.SZ,20240227,5.18,5.27,5.14,5.27,5.2,0.07,1.3462,215304.54,112273.908
000570.SZ,20240226,5.07,5.26,5.04,5.2,5.07,0.13,2.5641,255832.88,131979.347
000570.SZ,20240223,5.01,5.08,4.94,5.07,5.01,0.06,1.1976,214616.07,107662.791
000570.SZ,20240222,4.88,5.09,4.87,5.01,4.92,0.09,1.8293,195264.31,97291.204
000570.SZ,20240221,4.78,5.04,4.74,4.92,4.83,0.09,1.8634,245136.67,121014.772
000570.SZ,20240220,4.83,4.85,4.74,4.83,4.84,-0.01,-0.2066,144636.95,69434.751
000570.SZ,20240219,4.76,4.94,4.71,4.84,4.72,0.12,2.5424,204659.29,98781.848
000570.SZ,20240208,4.32,4.76,4.31,4.72,4.33,0.39,9.0069,231772.21,105905.039
000570.SZ,20240207,4.58,4.68,4.29,4.33,4.61,-0.28,-6.0738,264542.09,118483.582
000570.SZ,20240206,4.33,4.82,4.09,4.61,4.49,0.12,2.6726,262611.07,116057.674
000570.SZ,20240205,4.95,4.97,4.49,4.49,4.99,-0.5,-10.02,256405.85,117182.049
000570.SZ,20240202,5.13,5.26,4.79,4.99,5.18,-0.19,-3.668,320978.35,161228.782
000570.SZ,20240201,5.52,5.58,5.18,5.18,5.75,-0.57,-9.913,385188.82,202053.864
000570.SZ,20240131,6.2,6.38,5.75,5.75,6.39,-0.64,-10.0156,507805.83,308330.593
000570.SZ,20240130,6.16,6.8,6.0,6.39,6.26,0.13,2.0767,668032.28,426456.36
000570.SZ,20240129,5.94,6.48,5.89,6.26,5.97,0.29,4.8576,522135.45,323844.03
000570.SZ,20240126,6.11,6.18,5.95,5.97,6.16,-0.19,-3.0844,384999.99,233171.301
000570.SZ,20240125,6.07,6.23,5.96,6.16,6.14,0.02,0.3257,421061.8,257438.327
000570.SZ,20240124,6.03,6.21,5.83,6.14,6.11,0.03,0.491,495203.44,299724.271
000570.SZ,20240123,5.86,6.14,5.86,6.11,6.0,0.11,1.8333,493375.24,296364.888
000570.SZ,20240122,5.8,6.05,5.69,6.0,5.84,0.16,2.7397,564431.24,334297.429
000570.SZ,20240119,5.79,5.95,5.64,5.84,5.73,0.11,1.9197,453518.03,264504.733
000570.SZ,20240118,5.95,5.95,5.44,5.73,5.65,0.08,1.4159,470854.5,264730.812
000570.SZ,20240117,5.9,5.96,5.64,5.65,5.9,-0.25,-4.2373,527324.03,303601.508
000570.SZ,20240116,5.58,6.11,5.49,5.9,5.55,0.35,6.3063,805969.56,481889.353
000570.SZ,20240115,5.54,5.61,5.51,5.55,5.56,-0.01,-0.1799,64934.01,36110.181
000570.SZ,20240112,5.63,5.74,5.55,5.56,5.64,-0.08,-1.4184,96056.52,54018.009
000570.SZ,20240111,5.51,5.65,5.49,5.64,5.49,0.15,2.7322,89432.6,50003.486
000570.SZ,20240110,5.56,5.6,5.48,5.49,5.59,-0.1,-1.7889,81458.1,44996.241
000570.SZ,20240109,5.56,5.63,5.51,5.59,5.52,0.07,1.2681,104502.01,58279.598
000570.SZ,20240108,5.58,5.65,5.51,5.52,5.62,-0.1,-1.7794,96343.0,53819.732
000570.SZ,20240105,5.66,5.74,5.59,5.62,5.67,-0.05,-0.8818,111163.0,62916.402
000570.SZ,20240104,5.75,5.75,5.66,5.67,5.74,-0.07,-1.2195,93601.44,53156.162
000570.SZ,20240103,5.79,5.87,5.69,5.74,5.83,-0.09,-1.5437,121411.96,69924.347
000570.SZ,20240102,5.79,5.91,5.73,5.83,5.76,0.07,1.2153,144189.0,84332.079
000570.SZ,20231229,5.68,5.8,5.66,5.76,5.69,0.07,1.2302,151807.5,87457.918
000570.SZ,20231228,5.58,5.73,5.48,5.69,5.58,0.11,1.9713,171076.0,96529.213
000570.SZ,20231227,5.57,5.61,5.5,5.58,5.56,0.02,0.3597,148002.7,82274.918
000570.SZ,20231226,5.8,5.81,5.54,5.56,5.81,-0.25,-4.3029,263263.0,148276.372
000570.SZ,20231225,6.07,6.09,5.79,5.81,6.1,-0.29,-4.7541,305948.0,179079.723
000570.SZ,20231222,6.43,6.46,6.04,6.1,6.49,-0.39,-6.0092,458804.26,283797.13
000570.SZ,20231221,6.39,6.64,6.25,6.49,6.56,-0.07,-1.0671,626918.87,401730.668
000570.SZ,20231220,6.18,6.83,6.16,6.56,6.21,0.35,5.6361,858239.6,575294.098
000570.SZ,20231219,6.44,6.47,6.04,6.21,6.48,-0.27,-4.1667,400971.31,247422.114
000570.SZ,20231218,6.71,6.79,6.4,6.48,6.67,-0.19,-2.8486,405358.0,266197.351
000570.SZ,20231215,6.74,6.86,6.58,6.67,6.74,-0.07,-1.0386,556083.1,372851.603
000570.SZ,20231214,6.75,7.1,6.72,6.74,6.93,-0.19,-2.7417,881021.3,604279.984
000570.SZ,20231213,6.28,6.93,6.25,6.93,6.3,0.63,10.0,765924.09,521764.893
000570.SZ,20231212,6.22,6.33,6.05,6.3,6.25,0.05,0.8,357234.87,221524.788
000570.SZ,20231211,6.15,6.31,5.91,6.25,6.29,-0.04,-0.6359,399676.0,243869.827
000570.SZ,20231208,6.5,6.9,6.25,6.29,6.61,-0.32,-4.8411,541497.9,352807.193
000570.SZ,20231207,6.71,6.99,6.59,6.61,6.84,-0.23,-3.3626,592272.37,399726.782
000570.SZ,20231206,6.44,7.22,6.41,6.84,6.56,0.28,4.2683,817680.53,553350.414
000570.SZ,20231205,6.32,6.86,6.17,6.56,6.41,0.15,2.3401,616730.75,401069.051
000570.SZ,20231204,6.38,6.47,6.25,6.41,6.38,0.03,0.4702,409869.34,259529.176
000570.SZ,20231201,6.3,6.51,6.16,6.38,6.33,0.05,0.7899,594537.13,378541.805
000570.SZ,20231130,6.02,6.67,5.99,6.33,6.06,0.27,4.4554,726661.84,464108.519
000570.SZ,20231129,6.11,6.23,6.0,6.06,6.16,-0.1,-1.6234,262978.17,159774.098
000570.SZ,20231128,5.93,6.31,5.91,6.16,5.92,0.24,4.0541,455523.89,279655.321
000570.SZ,20231127,5.89,6.04,5.88,5.92,5.89,0.03,0.5093,152748.83,90640.515
000570.SZ,20231124,5.97,5.98,5.86,5.89,5.97,-0.08,-1.34,112389.0,66328.973
000570.SZ,20231123,5.88,6.03,5.85,5.97,5.9,0.07,1.1864,166405.0,98931.377
000570.SZ,20231122,5.99,6.0,5.87,5.9,6.03,-0.13,-2.1559,176499.83,104385.17
000570.SZ,20231121,6.0,6.15,5.94,6.03,5.98,0.05,0.8361,311629.5,188698.007
000570.SZ,20231120,5.98,6.01,5.91,5.98,5.97,0.01,0.1675,163941.5,97725.892
000570.SZ,20231117,5.86,6.1,5.85,5.97,5.88,0.09,1.5306,293776.58,176383.867
000570.SZ,20231116,5.88,5.96,5.85,5.88,5.92,-0.04,-0.6757,146036.0,86277.696
000570.SZ,20231115,5.89,5.92,5.78,5.92,5.87,0.05,0.8518,195443.01,114499.106
000570.SZ,20231114,5.94,5.95,5.82,5.87,5.95,-0.08,-1.3445,162451.96,95211.085
000570.SZ,20231113,5.95,6.08,5.88,5.95,5.91,0.04,0.6768,251275.96,149102.523
000570.SZ,20231110,5.82,5.96,5.73,5.91,5.84,0.07,1.1986,261191.0,152434.661
000570.SZ,20231109,5.88,5.89,5.77,5.84,5.89,-0.05,-0.8489,213917.59,124579.939
000570.SZ,20231108,5.86,5.97,5.82,5.89,5.9,-0.01,-0.1695,341544.76,200857.543
000570.SZ,20231107,5.7,5.99,5.69,5.9,5.75,0.15,2.6087,549156.41,321391.82
000570.SZ,20231106,5.68,5.75,5.64,5.75,5.68,0.07,1.2324,406489.64,231346.547
000570.SZ,20231103,5.77,5.79,5.65,5.68,5.85,-0.17,-2.906,669538.64,381962.061
000570.SZ,20231102,5.35,5.85,5.35,5.85,5.32,0.53,9.9624,280201.22,161909.214
000570.SZ,20231101,5.21,5.35,5.18,5.32,5.21,0.11,2.1113,180618.01,95474.562
000570.SZ,20231031,5.25,5.27,5.18,5.21,5.28,-0.07,-1.3258,150556.0,78615.249
000570.SZ,20231030,5.53,5.55,5.19,5.28,5.57,-0.29,-5.2065,315385.87,166344.789
000570.SZ,20231027,5.48,5.58,5.45,5.57,5.48,0.09,1.6423,90819.02,50355.861
000570.SZ,20231026,5.44,5.49,5.34,5.48,5.46,0.02,0.3663,69741.01,37850.255
000570.SZ,20231025,5.38,5.5,5.34,5.46,5.33,0.13,2.439,107515.0,58714.816
000570.SZ,20231024,5.18,5.38,5.18,5.33,5.18,0.15,2.8958,70437.88,37340.713
000570.SZ,20231023,5.3,5.33,5.15,5.18,5.31,-0.13,-2.4482,78659.44,41113.653
000570.SZ,20231020,5.29,5.44,5.28,5.31,5.3,0.01,0.1887,74167.52,39738.374
000570.SZ,20231019,5.36,5.4,5.29,5.3,5.36,-0.06,-1.1194,73756.0,39410.047
000570.SZ,20231018,5.42,5.44,5.36,5.36,5.42,-0.06,-1.107,73508.75,39615.718
000570.SZ,20231017,5.55,5.57,5.39,5.42,5.54,-0.12,-2.1661,88188.0,48009.63
000570.SZ,20231016,5.54,5.6,5.51,5.54,5.53,0.01,0.1808,70036.0,38844.041
000570.SZ,20231013,5.58,5.61,5.52,5.53,5.59,-0.06,-1.0733,66822.0,37061.671
000570.SZ,20231012,5.59,5.63,5.54,5.59,5.56,0.03,0.5396,60830.0,34006.351
000570.SZ,20231011,5.65,5.67,5.55,5.56,5.65,-0.09,-1.5929,61874.88,34564.302
000570.SZ,20231010,5.69,5.72,5.64,5.65,5.68,-0.03,-0.5282,57662.28,32656.762
000570.SZ,20231009,5.66,5.72,5.63,5.68,5.67,0.01,0.1764,78065.11,44288.586
000570.SZ,20230928,5.61,5.69,5.61,5.67,5.59,0.08,1.4311,55774.0,31549.166
000570.SZ,20230927,5.63,5.65,5.57,5.59,5.63,-0.04,-0.7105,54279.0,30459.312
000570.SZ,20230926,5.6,5.66,5.52,5.63,5.6,0.03,0.5357,59075.0,33174.706
000570.SZ,20230925,5.61,5.69,5.58,5.6,5.63,-0.03,-0.5329,56727.5,31960.762
000570.SZ,20230922,5.5,5.64,5.47,5.63,5.51,0.12,2.1779,79363.0,44210.676
000570.SZ,20230921,5.58,5.59,5.49,5.51,5.55,-0.04,-0.7207,63873.03,35330.496
000570.SZ,20230920,5.57,5.63,5.55,5.55,5.58,-0.03,-0.5376,53099.01,29601.207
000570.SZ,20230919,5.65,5.7,5.57,5.58,5.68,-0.1,-1.7606,66613.9,37372.86
000570.SZ,20230918,5.53,5.73,5.5,5.68,5.54,0.14,2.5271,103141.9,58323.616
000570.SZ,20230915,5.54,5.61,5.52,5.54,5.53,0.01,0.1808,71916.0,40016.96
000570.SZ,20230914,5.56,5.61,5.49,5.53,5.6,-0.07,-1.25,74746.0,41407.343
000570.SZ,20230913,5.7,5.72,5.55,5.6,5.73,-0.13,-2.2688,81041.0,45545.455
000570.SZ,20230912,5.69,5.76,5.68,5.73,5.7,0.03,0.5263,59884.0,34311.463
000570.SZ,20230911,5.58,5.72,5.52,5.7,5.58,0.12,2.1505,112297.0,63484.97
000570.SZ,20230908,5.57,5.63,5.53,5.58,5.57,0.01,0.1795,79265.01,44336.744
000570.SZ,20230907,5.73,5.74,5.56,5.57,5.74,-0.17,-2.9617,111394.72,62755.132
000570.SZ,20230906,5.67,5.77,5.62,5.74,5.69,0.05,0.8787,96441.77,55110.965
000570.SZ,20230905,5.88,5.88,5.66,5.69,5.89,-0.2,-3.3956,178545.0,102459.24
000570.SZ,20230904,5.77,5.89,5.76,5.89,5.74,0.15,2.6132,167042.54,97550.413
000570.SZ,20230901,5.73,5.8,5.69,5.74,5.73,0.01,0.1745,95452.0,54762.854
000570.SZ,20230831,5.77,5.85,5.7,5.73,5.79,-0.06,-1.0363,93921.0,53979.701
000570.SZ,20230830,5.81,5.93,5.77,5.79,5.84,-0.05,-0.8562,133246.92,77697.883
000570.SZ,20230829,5.66,5.86,5.61,5.84,5.67,0.17,2.9982,149904.0,86652.527
000570.SZ,20230828,5.82,5.86,5.65,5.67,5.58,0.09,1.6129,182029.0,105163.597
000570.SZ,20230825,5.69,5.7,5.56,5.58,5.7,-0.12,-2.1053,125393.78,70433.031
000570.SZ,20230824,5.76,5.85,5.58,5.7,5.78,-0.08,-1.3841,168951.0,96319.793
000570.SZ,20230823,5.75,5.85,5.69,5.78,5.77,0.01,0.1733,110801.0,64032.086
000570.SZ,20230822,5.77,5.81,5.66,5.77,5.76,0.01,0.1736,91042.0,52147.495
000570.SZ,20230821,5.75,5.85,5.74,5.76,5.76,0.0,0.0,81423.0,47217.004
000570.SZ,20230818,5.82,5.88,5.76,5.76,5.84,-0.08,-1.3699,84186.0,49033.131
000570.SZ,20230817,5.67,5.84,5.63,5.84,5.68,0.16,2.8169,118126.91,68198.092
000570.SZ,20230816,5.72,5.78,5.68,5.68,5.72,-0.04,-0.6993,66040.0,37763.27
000570.SZ,20230815,5.76,5.81,5.7,5.72,5.75,-0.03,-0.5217,72486.0,41677.389
000570.SZ,20230814,5.66,5.76,5.63,5.75,5.72,0.03,0.5245,76021.54,43240.731
000570.SZ,20230811,5.79,5.85,5.7,5.72,5.79,-0.07,-1.209,96593.0,55772.049
000570.SZ,20230810,5.83,5.86,5.76,5.79,5.81,-0.02,-0.3442,74435.0,43165.898
000570.SZ,20230809,5.85,5.9,5.8,5.81,5.89,-0.08,-1.3582,117760.0,68723.152
000570.SZ,20230808,5.9,5.99,5.86,5.89,5.88,0.01,0.1701,143077.0,84625.393
000570.SZ,20230807,5.87,5.93,5.84,5.88,5.88,0.0,0.0,111845.58,65899.236
000570.SZ,20230804,5.87,5.93,5.86,5.88,5.87,0.01,0.1704,117508.5,69159.637
000570.SZ,20230803,5.91,5.92,5.84,5.87,5.94,-0.07,-1.1785,118650.0,69612.444
000570.SZ,20230802,5.85,6.0,5.85,5.94,5.88,0.06,1.0204,163970.1,97334.416
000570.SZ,20230801,5.88,5.9,5.81,5.88,5.86,0.02,0.3413,129689.1,76009.97
000570.SZ,20230731,5.81,5.89,5.74,5.86,5.78,0.08,1.3841,173170.0,101315.052
000570.SZ,20230728,5.78,5.87,5.74,5.78,5.79,-0.01,-0.1727,210692.72,122288.147
000570.SZ,20230727,5.89,5.94,5.79,5.79,5.86,-0.07,-1.1945,183381.19,107492.703
000570.SZ,20230726,5.95,5.99,5.83,5.86,5.96,-0.1,-1.6779,258614.52,152085.442
000570.SZ,20230725,5.91,6.0,5.91,5.96,5.89,0.07,1.1885,224580.98,133605.0
000570.SZ,20230724,5.97,5.98,5.88,5.89,6.02,-0.13,-2.1595,234079.66,138490.386
000570.SZ,20230721,5.94,6.06,5.86,6.02,5.93,0.09,1.5177,336627.0,201572.679
000570.SZ,20230720,6.02,6.09,5.92,5.93,6.0,-0.07,-1.1667,309230.0,185507.755
000570.SZ,20230719,6.03,6.03,5.92,6.0,6.03,-0.03,-0.4975,278816.13,166352.37
000570.SZ,20230718,5.99,6.06,5.93,6.03,5.97,0.06,1.005,352477.62,211557.313
000570.SZ,20230717,6.09,6.09,5.92,5.97,6.15,-0.18,-2.9268,491641.11,293401.578
000570.SZ,20230714,6.14,6.26,6.0,6.15,6.18,-0.03,-0.4854,755214.75,462690.111
000570.SZ,20230713,6.6,6.66,6.14,6.18,6.66,-0.48,-7.2072,1147700.62,720715.851
000570.SZ,20230712,7.65,7.85,6.65,6.66,7.39,-0.73,-9.8782,1735102.42,1224287.592
000570.SZ,20230711,7.39,7.39,7.39,7.39,6.72,0.67,9.9702,105684.26,78100.668
000570.SZ,20230710,6.35,6.72,6.35,6.72,6.11,0.61,9.9836,782130.44,510818.604
000570.SZ,20230707,5.47,6.11,5.44,6.11,5.55,0.56,10.0901,769805.8,460457.398
000570.SZ,20230706,5.39,5.55,5.35,5.55,5.42,0.13,2.3985,257936.27,140667.969
000570.SZ,20230705,5.47,5.49,5.3,5.42,5.4,0.02,0.3704,275546.0,148723.118
000570.SZ,20230704,5.49,5.6,5.36,5.4,5.55,-0.15,-2.7027,348968.27,192264.932
000570.SZ,20230703,5.45,5.56,5.41,5.55,5.57,-0.02,-0.3591,309408.7,169890.826
000570.SZ,20230630,5.24,5.7,5.19,5.57,5.19,0.38,7.3218,502590.81,277923.159
000570.SZ,20230629,5.16,5.22,5.15,5.19,5.13,0.06,1.1696,60990.0,31666.302
000570.SZ,20230628,5.09,5.15,5.0,5.14,5.1,0.04,0.7843,66178.0,33645.845
000570.SZ,20230627,5.0,5.11,4.96,5.1,5.0,0.1,2.0,71573.0,36309.335
000570.SZ,20230626,5.02,5.07,4.97,5.0,5.02,-0.02,-0.3984,57041.88,28663.6
000570.SZ,20230621,5.03,5.08,4.98,5.02,5.01,0.01,0.1996,49680.01,24995.554
000570.SZ,20230620,5.06,5.06,4.97,5.01,5.04,-0.03,-0.5952,44481.5,22271.811
000570.SZ,20230619,5.05,5.1,5.02,5.04,5.04,0.0,0.0,40886.0,20673.438
000570.SZ,20230616,5.05,5.09,5.02,5.04,5.02,0.02,0.3984,43289.6,21900.15
000570.SZ,20230615,5.04,5.07,5.0,5.02,5.03,-0.01,-0.1988,37486.6,18841.019
000570.SZ,20230614,5.04,5.04,4.97,5.03,5.02,0.01,0.1992,51568.51,25839.875
000570.SZ,20230613,4.9,5.02,4.89,5.02,4.9,0.12,2.449,65091.01,32440.676
000570.SZ,20230612,4.8,4.94,4.78,4.9,4.8,0.1,2.0833,57749.01,28118.987
000570.SZ,20230609,4.78,4.83,4.78,4.8,4.79,0.01,0.2088,39777.0,19118.509
000570.SZ,20230608,4.8,4.83,4.75,4.79,4.82,-0.03,-0.6224,35991.0,17232.395
000570.SZ,20230607,4.82,4.84,4.79,4.82,4.81,0.01,0.2079,30797.0,14825.86
000570.SZ,20230606,4.95,4.96,4.81,4.81,4.96,-0.15,-3.0242,55774.76,27145.39
000570.SZ,20230605,5.01,5.02,4.94,4.96,4.99,-0.03,-0.6012,34744.0,17257.42
000570.SZ,20230602,4.93,5.01,4.93,4.99,4.93,0.06,1.217,30013.11,14944.675
000570.SZ,20230601,4.93,4.97,4.91,4.93,4.94,-0.01,-0.2024,33308.51,16479.162
000570.SZ,20230531,4.97,4.99,4.91,4.94,4.97,-0.03,-0.6036,36808.0,18210.472
000570.SZ,20230530,4.99,5.0,4.91,4.97,4.95,0.02,0.404,37664.0,18675.569
000570.SZ,20230529,5.01,5.05,4.93,4.95,5.03,-0.08,-1.5905,41407.83,20620.612
000570.SZ,20230526,5.03,5.05,4.92,5.03,5.02,0.01,0.1992,44904.0,22397.702
000570.SZ,20230525,5.0,5.03,4.95,5.02,5.03,-0.01,-0.1988,45643.45,22746.438
000570.SZ,20230524,5.02,5.05,5.0,5.03,5.02,0.01,0.1992,43683.0,21954.118
000570.SZ,20230523,5.06,5.08,5.02,5.02,5.07,-0.05,-0.9862,41353.1,20860.016
000570.SZ,20230522,5.03,5.1,5.03,5.07,5.06,0.01,0.1976,42450.84,21503.037
000570.SZ,20230519,5.04,5.08,5.01,5.06,5.06,0.0,0.0,35203.0,17776.317
000570.SZ,20230518,5.07,5.07,5.01,5.06,5.04,0.02,0.3968,35079.0,17704.05
000570.SZ,20230517,4.95,5.05,4.94,5.04,4.97,0.07,1.4085,47191.0,23622.364
000570.SZ,20230516,4.99,5.0,4.93,4.97,4.99,-0.02,-0.4008,38501.0,19154.319
000570.SZ,20230515,4.94,4.99,4.89,4.99,4.97,0.02,0.4024,45813.06,22672.722
000570.SZ,20230512,4.98,5.02,4.94,4.97,5.0,-0.03,-0.6,39794.0,19799.887
000570.SZ,20230511,4.96,5.02,4.93,5.0,4.95,0.05,1.0101,45582.15,22682.191
000570.SZ,20230510,4.9,4.97,4.89,4.95,4.9,0.05,1.0204,46475.63,22960.745
000570.SZ,20230509,4.99,4.99,4.9,4.9,4.97,-0.07,-1.4085,54405.0,26897.795
000570.SZ,20230508,4.93,4.99,4.91,4.97,4.92,0.05,1.0163,58359.0,28944.949
000570.SZ,20230505,4.94,4.96,4.86,4.92,4.94,-0.02,-0.4049,45163.0,22157.956
000570.SZ,20230504,4.87,4.97,4.86,4.94,4.89,0.05,1.0225,63385.03,31276.423
000570.SZ,20230428,4.79,4.9,4.77,4.89,4.77,0.12,2.5157,64497.82,31270.331
000570.SZ,20230427,4.73,4.8,4.7,4.77,4.72,0.05,1.0593,45456.59,21630.585
000570.SZ,20230426,4.59,4.74,4.59,4.72,4.63,0.09,1.9438,39419.0,18533.701
000570.SZ,20230425,4.73,4.73,4.56,4.63,4.7,-0.07,-1.4894,45228.5,20906.861
000570.SZ,20230424,4.65,4.75,4.55,4.7,4.66,0.04,0.8584,60347.0,28074.585
000570.SZ,20230421,4.78,4.79,4.65,4.66,4.79,-0.13,-2.714,53086.0,24995.673
000570.SZ,20230420,4.82,4.82,4.71,4.79,4.82,-0.03,-0.6224,51825.88,24607.73
000570.SZ,20230419,4.89,4.89,4.79,4.82,4.87,-0.05,-1.0267,54665.0,26409.113
000570.SZ,20230418,4.86,4.9,4.84,4.87,4.86,0.01,0.2058,57557.0,27992.797
000570.SZ,20230417,4.82,4.88,4.79,4.86,4.81,0.05,1.0395,53526.0,25961.422
000570.SZ,20230414,4.86,4.86,4.79,4.81,4.8,0.01,0.2083,51176.46,24668.641
000570.SZ,20230413,4.92,4.93,4.79,4.8,4.9,-0.1,-2.0408,114207.53,55274.17
000570.SZ,20230412,5.03,5.03,4.87,4.9,4.98,-0.08,-1.6064,126798.5,62258.314
000570.SZ,20230411,5.0,5.03,4.94,4.98,4.99,-0.01,-0.2004,54647.74,27156.322
000570.SZ,20230410,5.09,5.11,4.98,4.99,5.07,-0.08,-1.5779,50292.09,25288.649
000570.SZ,20230407,5.06,5.12,5.05,5.07,5.07,0.0,0.0,43362.0,22038.122
000570.SZ,20230406,5.13,5.15,5.04,5.07,5.16,-0.09,-1.7442,50861.25,25799.464
000570.SZ,20230404,5.3,5.3,5.14,5.16,5.27,-0.11,-2.0873,54299.0,28179.043
000570.SZ,20230403,5.2,5.32,5.15,5.27,5.17,0.1,1.9342,66659.88,34960.816
000570.SZ,20230331,5.1,5.21,5.09,5.17,5.12,0.05,0.9766,42269.47,21900.087
000570.SZ,20230330,5.16,5.21,5.1,5.12,5.17,-0.05,-0.9671,54373.6,27966.764
000570.SZ,20230329,5.25,5.26,5.15,5.17,5.25,-0.08,-1.5238,51283.66,26611.042
000570.SZ,20230328,5.29,5.3,5.2,5.25,5.29,-0.04,-0.7561,39652.0,20816.637
000570.SZ,20230327,5.29,5.32,5.24,5.29,5.27,0.02,0.3795,42603.0,22463.583
000570.SZ,20230324,5.28,5.31,5.25,5.27,5.3,-0.03,-0.566,37224.0,19635.922
000570.SZ,20230323,5.29,5.32,5.25,5.3,5.32,-0.02,-0.3759,34308.0,18128.963
000570.SZ,20230322,5.32,5.34,5.27,5.32,5.31,0.01,0.1883,40529.0,21524.964
000570.SZ,20230321,5.22,5.31,5.2,5.31,5.22,0.09,1.7241,49596.0,26127.616
000570.SZ,20230320,5.2,5.25,5.15,5.22,5.2,0.02,0.3846,55469.19,28907.115
000570.SZ,20230317,5.22,5.25,5.17,5.2,5.19,0.01,0.1927,49446.0,25774.621
000570.SZ,20230316,5.22,5.33,5.17,5.19,5.24,-0.05,-0.9542,59097.0,31099.5
000570.SZ,20230315,5.18,5.26,5.16,5.24,5.15,0.09,1.7476,34817.0,18201.723
000570.SZ,20230314,5.25,5.26,5.09,5.15,5.26,-0.11,-2.0913,51844.0,26765.055
000570.SZ,20230313,5.24,5.3,5.21,5.26,5.26,0.0,0.0,55253.0,28971.666
000570.SZ,20230310,5.31,5.34,5.25,5.26,5.34,-0.08,-1.4981,43872.0,23210.387
000570.SZ,20230309,5.36,5.4,5.31,5.34,5.36,-0.02,-0.3731,36003.21,19259.855
000570.SZ,20230308,5.31,5.39,5.29,5.36,5.3,0.06,1.1321,38084.24,20376.925
000570.SZ,20230307,5.41,5.43,5.28,5.3,5.41,-0.11,-2.0333,69654.39,37255.482
000570.SZ,20230306,5.45,5.49,5.4,5.41,5.47,-0.06,-1.0969,46054.69,24980.143
000570.SZ,20230303,5.46,5.51,5.43,5.47,5.48,-0.01,-0.1825,45434.24,24825.399
000570.SZ,20230302,5.55,5.59,5.47,5.48,5.52,-0.04,-0.7246,62816.0,34692.483
000570.SZ,20230301,5.46,5.53,5.46,5.52,5.47,0.05,0.9141,49821.0,27408.343
000570.SZ,20230228,5.5,5.52,5.41,5.47,5.47,0.0,0.0,48545.1,26487.47
000570.SZ,20230227,5.53,5.56,5.45,5.47,5.56,-0.09,-1.6187,60445.0,33219.861
000570.SZ,20230224,5.58,5.66,5.52,5.56,5.58,-0.02,-0.3584,61098.4,33987.722
000570.SZ,20230223,5.63,5.69,5.57,5.58,5.59,-0.01,-0.1789,58732.2,32998.424
000570.SZ,20230222,5.57,5.65,5.55,5.59,5.65,-0.06,-1.0619,55349.21,30973.587
000570.SZ,20230221,5.64,5.69,5.57,5.65,5.63,0.02,0.3552,84708.0,47719.004
000570.SZ,20230220,5.5,5.75,5.5,5.63,5.47,0.16,2.925,111977.6,62792.726
000570.SZ,20230217,5.48,5.58,5.47,5.47,5.45,0.02,0.367,90130.83,49725.121
000570.SZ,20230216,5.65,5.66,5.38,5.45,5.64,-0.19,-3.3688,134305.0,74276.983
000570.SZ,20230215,5.7,5.73,5.61,5.64,5.71,-0.07,-1.2259,107324.69,60778.246
000570.SZ,20230214,5.68,5.77,5.63,5.71,5.66,0.05,0.8834,149970.4,85432.9
000570.SZ,20230213,5.56,5.72,5.54,5.66,5.55,0.11,1.982,149294.19,84165.663
000570.SZ,20230210,5.52,5.58,5.5,5.55,5.54,0.01,0.1805,92649.06,51317.176
000570.SZ,20230209,5.52,5.55,5.46,5.54,5.55,-0.01,-0.1802,104062.0,57442.534
000570.SZ,20230208,5.5,5.62,5.45,5.55,5.5,0.05,0.9091,174094.0,96763.519
000570.SZ,20230207,5.45,5.52,5.41,5.5,5.47,0.03,0.5484,89575.82,49050.626
000570.SZ,20230206,5.46,5.5,5.42,5.47,5.47,0.0,0.0,95687.01,52405.703
000570.SZ,20230203,5.53,5.54,5.42,5.47,5.54,-0.07,-1.2635,150829.62,82456.875
000570.SZ,20230202,5.48,5.58,5.45,5.54,5.49,0.05,0.9107,142873.31,79021.832
000570.SZ,20230201,5.45,5.51,5.43,5.49,5.46,0.03,0.5495,178364.62,97710.485
000570.SZ,20230131,5.32,5.48,5.31,5.46,5.36,0.1,1.8657,211251.87,114762.12
000570.SZ,20230130,5.24,5.41,5.23,5.36,5.2,0.16,3.0769,235486.84,125869.705
000570.SZ,20230120,5.09,5.25,5.09,5.2,5.09,0.11,2.1611,143838.96,74739.433
000570.SZ,20230119,5.13,5.16,5.09,5.09,5.17,-0.08,-1.5474,136186.81,69570.171
000570.SZ,20230118,5.15,5.23,5.09,5.17,5.1,0.07,1.3725,182201.01,94239.188
000570.SZ,20230117,5.23,5.26,5.06,5.1,5.25,-0.15,-2.8571,275524.87,141186.281
000570.SZ,20230116,5.33,5.4,5.21,5.25,5.36,-0.11,-2.0522,352209.81,185130.146
000570.SZ,20230113,5.21,5.74,5.16,5.36,5.27,0.09,1.7078,549710.91,299403.519
000570.SZ,20230112,5.32,5.38,5.15,5.27,5.43,-0.16,-2.9466,550396.3,288821.243
000570.SZ,20230111,5.87,6.07,5.41,5.43,5.63,-0.2,-3.5524,929933.4,534195.377
000570.SZ,20230110,5.14,5.63,5.06,5.63,5.12,0.51,9.9609,476676.41,264960.269
000570.SZ,20230109,5.12,5.15,5.04,5.12,5.09,0.03,0.5894,95335.02,48613.228
000570.SZ,20230106,5.08,5.2,4.95,5.09,5.12,-0.03,-0.5859,214052.72,109368.229
000570.SZ,20230105,4.94,5.15,4.88,5.12,4.91,0.21,4.277,86768.84,43302.656
000570.SZ,20230104,4.82,4.91,4.81,4.91,4.86,0.05,1.0288,41811.0,20411.365
000570.SZ,20230103,4.77,4.87,4.74,4.86,4.77,0.09,1.8868,46953.72,22567.902
000570.SZ,20221230,4.71,4.83,4.64,4.77,4.64,0.13,2.8017,63982.72,30360.871
000570.SZ,20221229,4.75,4.76,4.64,4.64,4.75,-0.11,-2.3158,41887.14,19585.34
000570.SZ,20221228,4.79,4.85,4.73,4.75,4.8,-0.05,-1.0417,34853.02,16625.292
000570.SZ,20221227,4.75,4.83,4.72,4.8,4.75,0.05,1.0526,52577.23,25123.715
000570.SZ,20221226,4.58,4.92,4.58,4.75,4.58,0.17,3.7118,98080.09,46702.101
000570.SZ,20221223,4.59,4.62,4.53,4.58,4.57,0.01,0.2188,28624.2,13084.88
000570.SZ,20221222,4.68,4.7,4.56,4.57,4.68,-0.11,-2.3504,32486.51,15026.543
000570.SZ,20221221,4.7,4.74,4.65,4.68,4.71,-0.03,-0.6369,27059.5,12684.937
000570.SZ,20221220,4.69,4.74,4.64,4.71,4.69,0.02,0.4264,24256.0,11402.076
000570.SZ,20221219,4.77,4.81,4.65,4.69,4.78,-0.09,-1.8828,44941.96,21159.923
000570.SZ,20221216,4.87,4.87,4.76,4.78,4.87,-0.09,-1.848,45671.01,21930.14
000570.SZ,20221215,4.86,4.89,4.81,4.87,4.87,0.0,0.0,38374.0,18592.238
000570.SZ,20221214,4.91,4.91,4.85,4.87,4.86,0.01,0.2058,30594.0,14926.793
000570.SZ,20221213,4.88,4.93,4.86,4.86,4.86,0.0,0.0,31077.0,15207.94
000570.SZ,20221212,4.92,4.93,4.86,4.86,4.93,-0.07,-1.4199,53303.0,26103.954
000570.SZ,20221209,4.97,5.0,4.9,4.93,4.96,-0.03,-0.6048,58977.98,29148.488
000570.SZ,20221208,5.01,5.02,4.95,4.96,5.0,-0.04,-0.8,47022.01,23433.798
000570.SZ,20221207,5.04,5.04,4.97,5.0,5.04,-0.04,-0.7937,57359.0,28703.779
000570.SZ,20221206,5.08,5.09,5.01,5.04,5.09,-0.05,-0.9823,62995.0,31826.223
000570.SZ,20221205,5.05,5.09,5.03,5.09,5.03,0.06,1.1928,61002.0,30934.694
000570.SZ,20221202,5.03,5.05,4.99,5.03,5.02,0.01,0.1992,47319.01,23770.23
000570.SZ,20221201,5.05,5.09,5.0,5.02,5.03,-0.01,-0.1988,62987.76,31734.307
000570.SZ,20221130,5.03,5.09,4.99,5.03,5.02,0.01,0.1992,84430.6,42469.952
000570.SZ,20221129,4.95,5.04,4.95,5.02,4.98,0.04,0.8032,57155.1,28642.635
000570.SZ,20221128,4.93,5.01,4.92,4.98,5.01,-0.03,-0.5988,61612.1,30558.384
000570.SZ,20221125,5.07,5.08,4.99,5.01,5.11,-0.1,-1.9569,86448.99,43422.18
000570.SZ,20221124,5.0,5.18,5.0,5.11,4.98,0.13,2.6104,123526.68,62976.73
000570.SZ,20221123,5.02,5.05,4.91,4.98,5.01,-0.03,-0.5988,56187.0,27905.537
000570.SZ,20221122,5.02,5.08,4.95,5.01,5.04,-0.03,-0.5952,67651.03,33962.482
000570.SZ,20221121,4.96,5.08,4.94,5.04,4.96,0.08,1.6129,75873.56,38110.624
000570.SZ,20221118,5.03,5.07,4.96,4.96,5.03,-0.07,-1.3917,77672.25,38932.761
000570.SZ,20221117,5.01,5.1,4.97,5.03,5.15,-0.12,-2.3301,164405.2,82660.261
000570.SZ,20221116,4.94,5.38,4.93,5.15,4.93,0.22,4.4625,224609.49,115158.296
000570.SZ,20221115,4.89,4.94,4.85,4.93,4.88,0.05,1.0246,37682.51,18480.539
000570.SZ,20221114,4.93,4.97,4.86,4.88,4.98,-0.1,-2.008,61098.96,30043.889
000570.SZ,20221111,5.0,5.07,4.92,4.98,4.93,0.05,1.0142,61857.08,30798.08
000570.SZ,20221110,4.95,4.96,4.91,4.93,4.96,-0.03,-0.6048,43458.62,21434.059
000570.SZ,20221109,4.96,4.98,4.91,4.96,4.94,0.02,0.4049,43301.11,21441.118
000570.SZ,20221108,4.99,4.99,4.86,4.94,4.98,-0.04,-0.8032,54231.37,26703.764
000570.SZ,20221107,4.93,5.04,4.91,4.98,4.94,0.04,0.8097,64930.27,32331.204
000570.SZ,20221104,4.98,4.99,4.87,4.94,4.88,0.06,1.2295,76605.98,37720.498
000570.SZ,20221103,4.84,4.98,4.83,4.88,4.83,0.05,1.0352,67890.0,33249.156
000570.SZ,20221102,4.87,4.93,4.81,4.83,4.87,-0.04,-0.8214,79116.04,38469.864
000570.SZ,20221101,4.77,4.93,4.72,4.87,4.72,0.15,3.178,113108.81,54805.832
000570.SZ,20221031,4.52,4.84,4.51,4.72,4.42,0.3,6.7873,200483.64,94599.64
000570.SZ,20221028,4.6,4.65,4.38,4.42,4.62,-0.2,-4.329,71692.09,32157.035
000570.SZ,20221027,4.69,4.71,4.62,4.62,4.64,-0.02,-0.431,40310.0,18816.992
000570.SZ,20221026,4.6,4.69,4.6,4.64,4.63,0.01,0.216,54771.03,25493.295
000570.SZ,20221025,4.58,4.65,4.5,4.63,4.58,0.05,1.0917,49209.0,22595.96
000570.SZ,20221024,4.68,4.77,4.58,4.58,4.66,-0.08,-1.7167,67653.96,31460.453
000570.SZ,20221021,4.58,4.69,4.55,4.66,4.56,0.1,2.193,62363.01,28923.741
000570.SZ,20221020,4.55,4.61,4.49,4.56,4.56,0.0,0.0,56285.46,25611.731
000570.SZ,20221019,4.54,4.62,4.54,4.56,4.56,0.0,0.0,51957.81,23801.097
000570.SZ,20221018,4.58,4.6,4.52,4.56,4.53,0.03,0.6623,59449.13,27087.338
000570.SZ,20221017,4.44,4.57,4.4,4.53,4.47,0.06,1.3423,59212.25,26658.45
000570.SZ,20221014,4.4,4.49,4.4,4.47,4.4,0.07,1.5909,64780.0,28880.761
000570.SZ,20221013,4.38,4.49,4.36,4.4,4.4,0.0,0.0,66240.01,29243.312
000570.SZ,20221012,4.29,4.41,4.25,4.4,4.3,0.1,2.3256,76573.8,33133.44
000570.SZ,20221011,4.25,4.31,4.23,4.3,4.26,0.04,0.939,60711.83,25961.532
000570.SZ,20221010,4.44,4.44,4.24,4.26,4.44,-0.18,-4.0541,115074.94,49648.638
000570.SZ,20220930,4.89,4.91,4.44,4.44,4.93,-0.49,-9.9391,249444.47,113111.174
000570.SZ,20220929,5.32,5.37,4.91,4.93,5.34,-0.41,-7.6779,314257.97,159520.614
000570.SZ,20220928,5.45,5.49,5.25,5.34,5.46,-0.12,-2.1978,232475.96,123908.301
000570.SZ,20220927,5.18,5.66,5.18,5.46,5.19,0.27,5.2023,356577.3,194400.517
000570.SZ,20220926,5.07,5.58,5.02,5.19,5.11,0.08,1.5656,198709.59,104278.787
000570.SZ,20220923,5.25,5.33,5.09,5.11,5.3,-0.19,-3.5849,155096.59,80172.904
000570.SZ,20220922,5.26,5.39,5.26,5.3,5.38,-0.08,-1.487,178215.09,94688.353
000570.SZ,20220921,5.19,5.45,5.08,5.38,5.32,0.06,1.1278,299885.21,158662.608
000570.SZ,20220920,5.31,5.48,5.11,5.32,5.34,-0.02,-0.3745,383138.34,202880.971
000570.SZ,20220919,4.92,5.6,4.91,5.34,5.09,0.25,4.9116,492593.94,266715.082
000570.SZ,20220916,5.24,5.44,5.07,5.09,5.24,-0.15,-2.8626,215815.0,112697.931
000570.SZ,20220915,5.14,5.25,5.1,5.24,5.11,0.13,2.544,139921.88,72502.038
000570.SZ,20220914,5.11,5.18,5.05,5.11,5.16,-0.05,-0.969,55636.72,28503.979
000570.SZ,20220913,5.15,5.24,5.14,5.16,5.15,0.01,0.1942,56082.01,29085.221
000570.SZ,20220909,5.13,5.2,5.08,5.15,5.13,0.02,0.3899,57925.04,29698.365
000570.SZ,20220908,5.11,5.23,5.11,5.13,5.14,-0.01,-0.1946,74077.01,38367.934
000570.SZ,20220907,5.11,5.16,5.08,5.14,5.12,0.02,0.3906,62169.95,31836.831
000570.SZ,20220906,4.98,5.27,4.97,5.12,4.97,0.15,3.0181,77767.5,39615.83
000570.SZ,20220905,4.95,4.99,4.93,4.97,4.95,0.02,0.404,37314.0,18510.73
000570.SZ,20220902,4.89,4.96,4.86,4.95,4.88,0.07,1.4344,40134.23,19742.237
000570.SZ,20220901,4.98,5.01,4.85,4.88,4.97,-0.09,-1.8109,65985.0,32518.474
000570.SZ,20220831,5.1,5.12,4.95,4.97,5.09,-0.12,-2.3576,84237.08,42213.555
000570.SZ,20220830,5.2,5.22,5.06,5.09,5.2,-0.11,-2.1154,77149.0,39466.458
000570.SZ,20220829,5.05,5.2,4.99,5.2,5.04,0.16,3.1746,87077.99,44734.148
000570.SZ,20220826,5.12,5.15,5.01,5.04,5.12,-0.08,-1.5625,82611.0,42046.48
000570.SZ,20220825,5.2,5.22,5.06,5.12,5.17,-0.05,-0.9671,92647.37,47426.66
000570.SZ,20220824,5.4,5.4,5.16,5.17,5.37,-0.2,-3.7244,117384.0,61506.448
000570.SZ,20220823,5.32,5.45,5.3,5.37,5.34,0.03,0.5618,86163.98,46297.07
000570.SZ,20220822,5.4,5.41,5.31,5.34,5.42,-0.08,-1.476,109448.96,58562.087
000570.SZ,20220819,5.51,5.57,5.39,5.42,5.56,-0.14,-2.518,174070.0,95236.309
000570.SZ,20220818,5.54,5.68,5.43,5.56,5.57,-0.01,-0.1795,221960.42,123125.358
000570.SZ,20220817,5.39,5.65,5.36,5.57,5.4,0.17,3.1481,286250.35,158142.823
000570.SZ,20220816,5.43,5.43,5.34,5.4,5.38,0.02,0.3717,138767.0,74752.952
000570.SZ,20220815,5.23,5.44,5.18,5.38,5.25,0.13,2.4762,201429.72,107980.254
000570.SZ,20220812,5.22,5.27,5.18,5.25,5.21,0.04,0.7678,115078.7,60222.458
000570.SZ,20220811,5.13,5.22,5.09,5.21,5.11,0.1,1.9569,129828.7,67106.514
000570.SZ,20220810,5.1,5.17,5.08,5.11,5.13,-0.02,-0.3899,87832.51,44957.645
000570.SZ,20220809,5.21,5.28,5.11,5.13,5.17,-0.04,-0.7737,119238.0,61477.334
000570.SZ,20220808,5.1,5.19,5.02,5.17,5.11,0.06,1.1742,146665.7,75460.925
000570.SZ,20220805,5.1,5.23,5.06,5.11,5.15,-0.04,-0.7767,143547.44,73446.003
000570.SZ,20220804,5.1,5.15,4.94,5.15,5.04,0.11,2.1825,172417.47,87293.112
000570.SZ,20220803,5.0,5.3,5.0,5.04,5.02,0.02,0.3984,257035.14,132869.908
000570.SZ,20220802,5.36,5.39,4.99,5.02,5.5,-0.48,-8.7273,309570.74,158793.972
000570.SZ,20220801,5.43,5.53,5.32,5.5,5.44,0.06,1.1029,267044.26,145038.393
000570.SZ,20220729,5.55,5.58,5.34,5.44,5.54,-0.1,-1.8051,326288.0,177419.971
000570.SZ,20220728,5.67,5.72,5.5,5.54,5.61,-0.07,-1.2478,417677.27,232671.229
000570.SZ,20220727,5.52,5.77,5.44,5.61,5.71,-0.1,-1.7513,723416.28,404933.707
000570.SZ,20220726,5.49,5.98,5.27,5.71,5.44,0.27,4.9632,1055494.28,612135.595
000570.SZ,20220725,5.92,5.92,5.44,5.44,5.84,-0.4,-6.8493,741561.24,415486.87
000570.SZ,20220722,5.26,5.84,5.26,5.84,5.31,0.53,9.9812,635304.08,362479.96
000570.SZ,20220721,5.18,5.34,5.11,5.31,5.2,0.11,2.1154,204039.91,106936.271
000570.SZ,20220720,5.16,5.21,5.12,5.2,5.19,0.01,0.1927,76882.27,39708.11
000570.SZ,20220719,5.12,5.2,5.08,5.19,5.09,0.1,1.9646,104015.01,53641.822
000570.SZ,20220718,5.0,5.13,4.97,5.09,4.99,0.1,2.004,94509.38,47910.103
000570.SZ,20220715,5.15,5.31,4.95,4.99,5.24,-0.25,-4.771,182365.94,92768.482
000570.SZ,20220714,5.08,5.48,4.96,5.24,5.05,0.19,3.7624,314668.37,165533.842
000570.SZ,20220713,4.85,5.07,4.82,5.05,4.85,0.2,4.1237,115220.2,57672.154
000570.SZ,20220712,4.93,4.99,4.85,4.85,4.93,-0.08,-1.6227,70687.0,34778.561
000570.SZ,20220711,5.05,5.08,4.86,4.93,5.05,-0.12,-2.3762,107888.61,53246.568
000570.SZ,20220708,5.07,5.15,5.03,5.05,5.07,-0.02,-0.3945,77840.04,39494.833
000570.SZ,20220707,5.01,5.12,4.99,5.07,5.02,0.05,0.996,75313.54,38253.798
000570.SZ,20220706,5.09,5.17,5.01,5.02,5.14,-0.12,-2.3346,84721.72,43037.031
000570.SZ,20220705,5.17,5.21,5.08,5.14,5.24,-0.1,-1.9084,108602.5,55812.635
000570.SZ,20220704,5.06,5.35,4.99,5.24,5.06,0.18,3.5573,186387.63,96833.888
000570.SZ,20220701,5.08,5.08,4.97,5.06,5.08,-0.02,-0.3937,103806.05,52219.445
000570.SZ,20220630,5.15,5.2,5.03,5.08,5.1,-0.02,-0.3922,137559.58,70013.51
000570.SZ,20220629,5.34,5.34,5.08,5.1,5.4,-0.3,-5.5556,246691.0,128070.949
000570.SZ,20220628,5.3,5.43,5.2,5.4,5.37,0.03,0.5587,272933.1,145954.622
000570.SZ,20220627,5.28,5.44,5.21,5.37,5.28,0.09,1.7045,332852.81,176393.24
000570.SZ,20220624,5.58,5.75,5.27,5.28,5.48,-0.2,-3.6496,568506.8,311449.584
000570.SZ,20220623,4.96,5.48,4.93,5.48,4.98,0.5,10.0402,264924.31,143326.575
000570.SZ,20220622,5.1,5.15,4.97,4.98,5.25,-0.27,-5.1429,254522.98,128775.786
000570.SZ,20220621,5.08,5.29,4.92,5.25,5.13,0.12,2.3392,398718.45,201352.485
000570.SZ,20220620,5.14,5.51,5.04,5.13,5.27,-0.14,-2.6565,601597.37,316784.592
000570.SZ,20220617,4.82,5.27,4.82,5.27,4.79,0.48,10.0209,288756.05,150497.447
000570.SZ,20220616,4.68,4.8,4.66,4.79,4.91,-0.12,-2.444,324551.33,152972.859
000570.SZ,20220615,5.3,5.53,4.91,4.91,5.03,-0.12,-2.3857,581130.25,304688.111
000570.SZ,20220614,4.52,5.06,4.52,5.06,4.6,0.46,10.0,203724.93,100536.244
000570.SZ,20220613,4.7,4.7,4.55,4.6,4.66,-0.06,-1.2876,56798.02,26205.815
000570.SZ,20220610,4.6,4.74,4.54,4.66,4.62,0.04,0.8658,82992.69,38546.109
000570.SZ,20220609,4.6,4.64,4.51,4.62,4.59,0.03,0.6536,68993.26,31507.591
000570.SZ,20220608,4.62,4.65,4.49,4.59,4.62,-0.03,-0.6494,59573.38,27236.114
000570.SZ,20220607,4.75,4.75,4.5,4.62,4.74,-0.12,-2.5316,75366.13,34838.894
000570.SZ,20220606,4.79,4.88,4.72,4.74,4.79,-0.05,-1.0438,66750.19,31879.206
000570.SZ,20220602,4.68,4.84,4.61,4.79,4.69,0.1,2.1322,95246.45,45084.979
000570.SZ,20220601,4.69,4.75,4.62,4.69,4.69,0.0,0.0,71387.0,33449.771
000570.SZ,20220531,4.62,4.7,4.58,4.69,4.65,0.04,0.8602,78887.21,36727.626
000570.SZ,20220530,4.58,4.74,4.54,4.65,4.5,0.15,3.3333,111604.11,51600.935
000570.SZ,20220527,4.49,4.66,4.45,4.5,4.48,0.02,0.4464,97223.98,44106.945
000570.SZ,20220526,4.4,4.5,4.35,4.48,4.4,0.08,1.8182,46121.61,20527.757
000570.SZ,20220525,4.29,4.42,4.28,4.4,4.3,0.1,2.3256,48911.76,21414.042
000570.SZ,20220524,4.44,4.55,4.29,4.3,4.47,-0.17,-3.8031,70088.1,30973.036
000570.SZ,20220523,4.29,4.51,4.29,4.47,4.34,0.13,2.9954,59745.1,26531.604
000570.SZ,20220520,4.31,4.36,4.27,4.34,4.3,0.04,0.9302,31310.5,13533.391
000570.SZ,20220519,4.18,4.31,4.18,4.3,4.25,0.05,1.1765,35701.99,15240.458
000570.SZ,20220518,4.18,4.29,4.16,4.25,4.17,0.08,1.9185,43043.42,18261.74
000570.SZ,20220517,4.16,4.21,4.11,4.17,4.18,-0.01,-0.2392,23910.5,9931.76
000570.SZ,20220516,4.22,4.22,4.15,4.18,4.18,0.0,0.0,29988.0,12572.937
000570.SZ,20220513,4.15,4.19,4.12,4.18,4.14,0.04,0.9662,27414.0,11410.175
000570.SZ,20220512,4.1,4.15,4.07,4.14,4.09,0.05,1.2225,25671.0,10580.035
000570.SZ,20220511,4.14,4.21,4.09,4.09,4.15,-0.06,-1.4458,35096.01,14608.72
000570.SZ,20220510,4.1,4.16,4.07,4.15,4.13,0.02,0.4843,21887.01,9031.182
000570.SZ,20220509,4.05,4.16,4.03,4.13,4.05,0.08,1.9753,24989.24,10288.338
000570.SZ,20220506,4.09,4.09,4.01,4.05,4.14,-0.09,-2.1739,26070.2,10544.287
000570.SZ,20220505,4.07,4.16,4.04,4.14,4.08,0.06,1.4706,30149.77,12428.324
000570.SZ,20220429,3.99,4.11,3.98,4.08,3.96,0.12,3.0303,37426.0,15197.58
000570.SZ,20220428,4.0,4.02,3.88,3.96,4.01,-0.05,-1.2469,29241.7,11544.142
000570.SZ,20220427,3.85,4.03,3.84,4.01,3.88,0.13,3.3505,36427.83,14375.751
000570.SZ,20220426,4.09,4.12,3.85,3.88,3.99,-0.11,-2.7569,43277.69,17229.017
000570.SZ,20220425,4.34,4.35,3.98,3.99,4.41,-0.42,-9.5238,67898.58,28232.752
000570.SZ,20220422,4.49,4.49,4.34,4.41,4.49,-0.08,-1.7817,47592.73,20926.845
000570.SZ,20220421,4.66,4.67,4.47,4.49,4.68,-0.19,-4.0598,41412.63,18888.139
000570.SZ,20220420,4.75,4.76,4.67,4.68,4.74,-0.06,-1.2658,25858.67,12191.784
000570.SZ,20220419,4.72,4.75,4.68,4.74,4.72,0.02,0.4237,26596.03,12543.54
000570.SZ,20220418,4.66,4.74,4.57,4.72,4.66,0.06,1.2876,30384.0,14184.359
000570.SZ,20220415,4.79,4.79,4.66,4.66,4.78,-0.12,-2.5105,47575.0,22347.859
000570.SZ,20220414,4.8,4.84,4.77,4.78,4.8,-0.02,-0.4167,34981.0,16800.706
000570.SZ,20220413,4.98,4.98,4.78,4.8,5.01,-0.21,-4.1916,73781.76,35708.485
000570.SZ,20220412,4.94,5.02,4.88,5.01,4.95,0.06,1.2121,43719.23,21627.568
000570.SZ,20220411,5.08,5.09,4.92,4.95,5.08,-0.13,-2.5591,37135.0,18568.771
000570.SZ,20220408,5.04,5.1,4.99,5.08,5.04,0.04,0.7937,39801.7,20090.302
000570.SZ,20220407,5.13,5.13,5.03,5.04,5.14,-0.1,-1.9455,36275.96,18401.606
000570.SZ,20220406,5.03,5.15,5.01,5.14,5.04,0.1,1.9841,49645.5,25355.378
000570.SZ,20220401,5.06,5.12,5.01,5.04,5.1,-0.06,-1.1765,46424.01,23448.242
000570.SZ,20220331,5.07,5.14,5.06,5.1,5.07,0.03,0.5917,51033.61,26072.604
000570.SZ,20220330,5.02,5.08,5.0,5.07,5.01,0.06,1.1976,34342.0,17328.561
000570.SZ,20220329,5.08,5.09,4.99,5.01,5.06,-0.05,-0.9881,26945.96,13537.013
000570.SZ,20220328,5.05,5.09,4.96,5.06,5.06,0.0,0.0,33429.91,16791.766
000570.SZ,20220325,5.12,5.19,5.05,5.06,5.13,-0.07,-1.3645,104880.0,53708.928
000570.SZ,20220324,5.0,5.14,5.0,5.13,5.07,0.06,1.1834,66503.32,33825.385
000570.SZ,20220323,5.07,5.12,5.05,5.07,5.08,-0.01,-0.1969,27078.0,13754.924
000570.SZ,20220322,5.07,5.12,5.03,5.08,5.04,0.04,0.7937,30845.52,15638.306
000570.SZ,20220321,5.05,5.08,5.01,5.04,5.05,-0.01,-0.198,44652.78,22534.289
000570.SZ,20220318,4.91,5.06,4.9,5.05,4.94,0.11,2.2267,60055.63,30014.713
000570.SZ,20220317,4.93,5.0,4.89,4.94,4.91,0.03,0.611,57836.82,28627.697
000570.SZ,20220316,4.88,4.92,4.68,4.91,4.8,0.11,2.2917,51814.0,25062.214
000570.SZ,20220315,5.01,5.04,4.79,4.8,5.07,-0.27,-5.3254,63328.73,31194.548
000570.SZ,20220314,5.15,5.19,5.07,5.07,5.19,-0.12,-2.3121,36115.73,18508.247
000570.SZ,20220311,5.09,5.2,4.96,5.19,5.12,0.07,1.3672,42625.96,21675.443
000570.SZ,20220310,5.08,5.18,5.07,5.12,5.02,0.1,1.992,39520.51,20262.873
000570.SZ,20220309,5.13,5.18,4.82,5.02,5.13,-0.11,-2.1442,66658.0,33467.677
000570.SZ,20220308,5.3,5.32,5.12,5.13,5.3,-0.17,-3.2075,62457.05,32443.295
000570.SZ,20220307,5.33,5.36,5.27,5.3,5.34,-0.04,-0.7491,47283.51,25129.707
000570.SZ,20220304,5.4,5.45,5.32,5.34,5.41,-0.07,-1.2939,63696.0,34291.498
000570.SZ,20220303,5.36,5.44,5.36,5.41,5.37,0.04,0.7449,58701.94,31722.714
000570.SZ,20220302,5.32,5.38,5.3,5.37,5.34,0.03,0.5618,45908.53,24596.15
000570.SZ,20220301,5.31,5.34,5.27,5.34,5.27,0.07,1.3283,51421.5,27331.245
000570.SZ,20220228,5.33,5.34,5.18,5.27,5.32,-0.05,-0.9398,73857.84,38775.219
000570.SZ,20220225,5.31,5.39,5.31,5.32,5.32,0.0,0.0,65740.95,35190.18
000570.SZ,20220224,5.4,5.5,5.23,5.32,5.42,-0.1,-1.845,127077.5,68380.921
000570.SZ,20220223,5.5,5.55,5.39,5.42,5.38,0.04,0.7435,113542.8,61804.862
000570.SZ,20220222,5.35,5.41,5.31,5.38,5.38,0.0,0.0,60172.01,32226.238
000570.SZ,20220221,5.3,5.38,5.28,5.38,5.31,0.07,1.3183,58692.54,31394.608
000570.SZ,20220218,5.23,5.32,5.2,5.31,5.26,0.05,0.9506,41943.5,22100.715
000570.SZ,20220217,5.28,5.34,5.26,5.26,5.3,-0.04,-0.7547,45896.48,24286.452
000570.SZ,20220216,5.22,5.32,5.22,5.3,5.21,0.09,1.7274,47088.81,24888.043
000570.SZ,20220215,5.24,5.26,5.16,5.21,5.24,-0.03,-0.5725,38739.02,20196.793
000570.SZ,20220214,5.19,5.27,5.19,5.24,5.22,0.02,0.3831,37442.59,19601.507
000570.SZ,20220211,5.3,5.31,5.2,5.22,5.32,-0.1,-1.8797,55169.58,28931.357
000570.SZ,20220210,5.35,5.36,5.28,5.32,5.36,-0.04,-0.7463,53532.02,28454.728
000570.SZ,20220209,5.33,5.37,5.28,5.36,5.32,0.04,0.7519,60319.0,32216.583
000570.SZ,20220208,5.2,5.33,5.17,5.32,5.19,0.13,2.5048,79446.97,41896.368
000570.SZ,20220207,5.18,5.22,5.13,5.19,5.1,0.09,1.7647,49094.09,25436.399
000570.SZ,20220128,5.01,5.15,4.99,5.1,4.99,0.11,2.2044,63193.81,32174.696
000570.SZ,20220127,5.18,5.18,4.99,4.99,5.17,-0.18,-3.4816,83785.07,42472.56
000570.SZ,20220126,5.12,5.2,5.1,5.17,5.1,0.07,1.3725,38465.27,19813.174
000570.SZ,20220125,5.24,5.26,5.08,5.1,5.26,-0.16,-3.0418,70963.0,36534.635
000570.SZ,20220124,5.22,5.27,5.2,5.26,5.25,0.01,0.1905,38979.0,20431.083
000570.SZ,20220121,5.26,5.3,5.19,5.25,5.24,0.01,0.1908,48582.72,25545.524
000570.SZ,20220120,5.36,5.39,5.2,5.24,5.37,-0.13,-2.4209,81745.77,43133.269
000570.SZ,20220119,5.35,5.4,5.31,5.37,5.35,0.02,0.3738,63044.77,33759.234
000570.SZ,20220118,5.45,5.45,5.31,5.35,5.44,-0.09,-1.6544,86577.81,46410.429
000570.SZ,20220117,5.45,5.49,5.43,5.44,5.47,-0.03,-0.5484,112499.52,61299.07
000570.SZ,20220114,5.54,5.54,5.4,5.47,5.54,-0.07,-1.2635,100768.43,55098.188
000570.SZ,20220113,5.54,5.59,5.51,5.54,5.54,0.0,0.0,97714.84,54257.434
000570.SZ,20220112,5.52,5.55,5.5,5.54,5.52,0.02,0.3623,60544.95,33463.828
000570.SZ,20220111,5.51,5.56,5.48,5.52,5.51,0.01,0.1815,65211.37,35981.991
000570.SZ,20220110,5.47,5.57,5.46,5.51,5.49,0.02,0.3643,63924.17,35205.011
000570.SZ,20220107,5.6,5.65,5.47,5.49,5.56,-0.07,-1.259,123789.63,68846.765
000570.SZ,20220106,5.49,5.6,5.47,5.56,5.52,0.04,0.7246,132459.36,73622.082
000570.SZ,20220105,5.65,5.74,5.43,5.52,5.95,-0.43,-7.2269,359410.26,199983.586
000570.SZ,20220104,5.85,5.99,5.83,5.95,5.85,0.1,1.7094,69043.6,40946.69
000570.SZ,20211231,5.9,5.92,5.83,5.85,5.92,-0.07,-1.1824,57186.0,33518.375
000570.SZ,20211230,5.85,5.92,5.83,5.92,5.85,0.07,1.1966,34844.0,20540.886
000570.SZ,20211229,5.89,5.92,5.85,5.85,5.89,-0.04,-0.6791,38158.0,22466.327
000570.SZ,20211228,5.83,5.93,5.8,5.89,5.83,0.06,1.0292,42585.0,25025.775
000570.SZ,20211227,5.79,5.88,5.74,5.83,5.76,0.07,1.2153,34295.0,19943.966
000570.SZ,20211224,5.9,5.93,5.75,5.76,5.88,-0.12,-2.0408,66142.41,38427.283
000570.SZ,20211223,5.97,6.0,5.87,5.88,5.96,-0.08,-1.3423,65895.0,39109.006
000570.SZ,20211222,6.04,6.05,5.91,5.96,6.04,-0.08,-1.3245,72140.0,43029.702
000570.SZ,20211221,5.87,6.04,5.87,6.04,5.87,0.17,2.8961,60555.09,36254.435
000570.SZ,20211220,5.91,5.96,5.8,5.87,5.94,-0.07,-1.1785,74187.24,43728.742
000570.SZ,20211217,6.0,6.06,5.86,5.94,6.03,-0.09,-1.4925,139827.34,83387.792
000570.SZ,20211216,6.04,6.08,6.0,6.03,6.04,-0.01,-0.1656,83973.01,50584.037
000570.SZ,20211215,6.13,6.16,6.03,6.04,6.16,-0.12,-1.9481,85892.53,52395.086
000570.SZ,20211214,6.06,6.16,6.02,6.16,6.11,0.05,0.8183,91033.97,55599.333
000570.SZ,20211213,6.05,6.13,6.0,6.11,6.07,0.04,0.659,102592.95,62290.109
000570.SZ,20211210,6.3,6.31,6.07,6.07,6.38,-0.31,-4.8589,215663.01,132445.555
000570.SZ,20211209,6.21,6.82,6.16,6.38,6.2,0.18,2.9032,431180.36,278783.011
000570.SZ,20211208,6.03,6.2,6.0,6.2,6.05,0.15,2.4793,169319.4,103389.652
000570.SZ,20211207,5.86,6.05,5.63,6.05,5.84,0.21,3.5959,193142.41,112406.626
000570.SZ,20211206,6.0,6.16,5.82,5.84,6.01,-0.17,-2.8286,216714.13,130473.661
000570.SZ,20211203,5.91,6.01,5.87,6.01,5.92,0.09,1.5203,132069.97,78475.533
000570.SZ,20211202,5.92,6.0,5.82,5.92,5.92,0.0,0.0,129814.0,76706.338
000570.SZ,20211201,5.76,5.93,5.75,5.92,5.78,0.14,2.4221,99597.0,58440.573
000570.SZ,20211130,5.86,5.92,5.75,5.78,5.87,-0.09,-1.5332,108516.36,63390.6
000570.SZ,20211129,5.75,5.89,5.7,5.87,5.86,0.01,0.1706,97337.1,56701.379
000570.SZ,20211126,5.87,5.92,5.76,5.86,5.9,-0.04,-0.678,134413.0,78594.396
000570.SZ,20211125,5.96,5.99,5.85,5.9,6.01,-0.11,-1.8303,187231.02,110769.543
000570.SZ,20211124,6.28,6.37,5.85,6.01,6.39,-0.38,-5.9468,422724.11,253492.572
000570.SZ,20211123,6.71,6.97,6.38,6.39,6.71,-0.32,-4.769,615980.71,413165.916
000570.SZ,20211122,6.3,6.71,6.13,6.71,6.1,0.61,10.0,400948.22,263075.272
000570.SZ,20211119,5.89,6.1,5.83,6.1,5.91,0.19,3.2149,87086.0,52228.388
000570.SZ,20211118,5.87,5.97,5.85,5.91,5.86,0.05,0.8532,58954.5,34826.346
000570.SZ,20211117,5.74,5.86,5.74,5.86,5.82,0.04,0.6873,44230.0,25725.573
000570.SZ,20211116,5.82,5.82,5.73,5.82,5.82,0.0,0.0,48531.18,28053.759
000570.SZ,20211115,5.82,5.87,5.76,5.82,5.83,-0.01,-0.1715,60516.01,35069.221
000570.SZ,20211112,5.77,5.84,5.71,5.83,5.75,0.08,1.3913,80388.0,46488.793
000570.SZ,20211111,5.74,5.83,5.7,5.75,5.78,-0.03,-0.519,79394.58,45899.648
000570.SZ,20211110,5.63,5.8,5.54,5.78,5.63,0.15,2.6643,129084.01,72972.365
000570.SZ,20211109,5.35,5.63,5.32,5.63,5.38,0.25,4.6468,129347.44,70864.461
000570.SZ,20211108,5.16,5.38,5.08,5.38,5.15,0.23,4.466,75802.81,39807.205
000570.SZ,20211105,5.21,5.23,5.13,5.15,5.22,-0.07,-1.341,46426.0,24025.33
000570.SZ,20211104,5.23,5.29,5.19,5.22,5.18,0.04,0.7722,36687.16,19148.634
000570.SZ,20211103,5.13,5.22,5.13,5.18,5.14,0.04,0.7782,39363.5,20381.133
000570.SZ,20211102,5.32,5.37,5.12,5.14,5.35,-0.21,-3.9252,79853.0,41642.853
000570.SZ,20211101,5.27,5.38,5.19,5.35,5.27,0.08,1.518,49867.61,26451.034
000570.SZ,20211029,5.22,5.3,5.13,5.27,5.24,0.03,0.5725,59764.9,31202.439
000570.SZ,20211028,5.39,5.39,5.2,5.24,5.4,-0.16,-2.963,66930.01,35201.059
000570.SZ,20211027,5.53,5.56,5.35,5.4,5.56,-0.16,-2.8777,62018.0,33595.942
000570.SZ,20211026,5.6,5.69,5.51,5.56,5.61,-0.05,-0.8913,48820.81,27277.466
000570.SZ,20211025,5.52,5.61,5.46,5.61,5.55,0.06,1.0811,44946.88,24834.343
000570.SZ,20211022,5.63,5.63,5.54,5.55,5.65,-0.1,-1.7699,54981.08,30669.038
000570.SZ,20211021,5.75,5.75,5.59,5.65,5.78,-0.13,-2.2491,92222.74,52242.675
000570.SZ,20211020,5.73,5.86,5.58,5.78,5.67,0.11,1.94,130283.0,74403.952
000570.SZ,20211019,5.65,5.74,5.6,5.67,5.63,0.04,0.7105,65663.97,37333.001
000570.SZ,20211018,5.54,5.64,5.47,5.63,5.52,0.11,1.9928,67337.93,37514.184
000570.SZ,20211015,5.65,5.71,5.5,5.52,5.71,-0.19,-3.3275,98504.35,55184.705
000570.SZ,20211014,5.7,5.76,5.66,5.71,5.73,-0.02,-0.349,43636.0,24897.406
000570.SZ,20211013,5.65,5.73,5.61,5.73,5.67,0.06,1.0582,53859.01,30547.438
000570.SZ,20211012,5.81,5.89,5.56,5.67,5.82,-0.15,-2.5773,88394.0,50417.358
000570.SZ,20211011,5.88,5.94,5.76,5.82,5.88,-0.06,-1.0204,86676.42,50587.287
000570.SZ,20211008,5.81,5.98,5.8,5.88,5.78,0.1,1.7301,95174.12,55857.938
000570.SZ,20210930,5.75,5.82,5.69,5.78,5.73,0.05,0.8726,108640.5,62473.402
000570.SZ,20210929,6.01,6.11,5.7,5.73,6.2,-0.47,-7.5806,226607.15,133766.876
000570.SZ,20210928,6.7,6.7,6.17,6.2,6.86,-0.66,-9.621,341524.59,213837.026
000570.SZ,20210927,7.11,7.26,6.66,6.86,6.6,0.26,3.9394,462493.91,324473.891
000570.SZ,20210924,6.56,6.83,6.5,6.6,6.5,0.1,1.5385,180818.38,120537.12
000570.SZ,20210923,6.43,6.68,6.43,6.5,6.42,0.08,1.2461,78114.01,51136.525
000570.SZ,20210922,6.34,6.43,6.27,6.42,6.39,0.03,0.4695,67637.5,42943.796
000570.SZ,20210917,6.45,6.55,6.27,6.39,6.48,-0.09,-1.3889,69436.02,44492.186
000570.SZ,20210916,6.59,6.83,6.47,6.48,6.61,-0.13,-1.9667,98589.74,65560.531
000570.SZ,20210915,6.49,6.65,6.45,6.61,6.48,0.13,2.0062,70107.2,45829.644
000570.SZ,20210914,6.77,6.83,6.45,6.48,6.78,-0.3,-4.4248,116303.31,76745.067
000570.SZ,20210913,6.75,6.81,6.63,6.78,6.75,0.03,0.4444,89393.94,59912.438
000570.SZ,20210910,6.88,6.99,6.71,6.75,6.92,-0.17,-2.4566,92833.01,63416.677
000570.SZ,20210909,6.92,6.97,6.77,6.92,6.95,-0.03,-0.4317,94016.16,64684.466
000570.SZ,20210908,7.01,7.02,6.86,6.95,7.02,-0.07,-0.9972,92420.0,63951.12
000570.SZ,20210907,7.16,7.16,6.95,7.02,7.09,-0.07,-0.9873,94861.83,66472.709
000570.SZ,20210906,6.85,7.09,6.78,7.09,6.85,0.24,3.5036,131761.01,91826.64
000570.SZ,20210903,6.81,7.04,6.77,6.85,6.88,-0.03,-0.436,108157.66,74749.805
000570.SZ,20210902,6.6,6.89,6.54,6.88,6.61,0.27,4.0847,102719.0,69616.968
000570.SZ,20210901,6.79,6.85,6.5,6.61,6.77,-0.16,-2.3634,105936.19,70664.952
000570.SZ,20210831,6.8,6.88,6.66,6.77,6.83,-0.06,-0.8785,99332.2,67123.964
000570.SZ,20210830,6.91,7.05,6.75,6.83,6.91,-0.08,-1.1577,107203.0,73720.962
000570.SZ,20210827,6.77,6.96,6.72,6.91,6.79,0.12,1.7673,127705.82,87593.509
000570.SZ,20210826,6.7,6.88,6.66,6.79,6.73,0.06,0.8915,103950.88,70511.563
000570.SZ,20210825,6.74,6.79,6.62,6.73,6.74,-0.01,-0.1484,83785.1,56039.727
000570.SZ,20210824,6.64,6.85,6.61,6.74,6.69,0.05,0.7474,106435.88,71993.975
000570.SZ,20210823,6.35,6.7,6.33,6.69,6.32,0.37,5.8544,147532.04,96959.536
000570.SZ,20210820,6.42,6.44,6.21,6.32,6.38,-0.06,-0.9404,94522.49,59665.619
000570.SZ,20210819,6.56,6.64,6.35,6.38,6.62,-0.24,-3.6254,116882.01,75292.044
000570.SZ,20210818,6.61,6.75,6.54,6.62,6.65,-0.03,-0.4511,131074.0,86901.24
000570.SZ,20210817,6.84,6.94,6.6,6.65,6.86,-0.21,-3.0612,102382.01,69062.747
000570.SZ,20210816,6.99,7.03,6.82,6.86,6.98,-0.12,-1.7192,111418.46,77117.555
000570.SZ,20210813,7.01,7.04,6.9,6.98,7.0,-0.02,-0.2857,116932.61,81500.626
000570.SZ,20210812,7.31,7.33,6.97,7.0,7.34,-0.34,-4.6322,193623.43,136983.344
000570.SZ,20210811,6.83,7.38,6.79,7.34,6.8,0.54,7.9412,258147.68,185587.866
000570.SZ,20210810,6.48,6.97,6.43,6.8,6.48,0.32,4.9383,195625.02,132865.842
000570.SZ,20210809,6.62,6.7,6.45,6.48,6.64,-0.16,-2.4096,149062.46,97374.317
000570.SZ,20210806,6.72,6.76,6.57,6.64,6.68,-0.04,-0.5988,117307.0,78004.246
000570.SZ,20210805,6.58,6.81,6.55,6.68,6.6,0.08,1.2121,174768.01,116062.201
000570.SZ,20210804,6.56,6.72,6.54,6.6,6.62,-0.02,-0.3021,152642.98,100829.254
000570.SZ,20210803,6.36,6.73,6.36,6.62,6.46,0.16,2.4768,233866.61,153754.253
000570.SZ,20210802,6.48,6.49,6.3,6.46,6.4,0.06,0.9375,190919.88,122259.412
000570.SZ,20210730,6.3,6.55,6.22,6.4,6.37,0.03,0.471,251621.64,160464.517
000570.SZ,20210729,5.88,6.37,5.87,6.37,5.79,0.58,10.0173,208926.44,129567.395
000570.SZ,20210728,6.05,6.06,5.73,5.79,5.95,-0.16,-2.6891,128813.57,75663.134
000570.SZ,20210727,6.24,6.32,5.95,5.95,6.22,-0.27,-4.3408,171416.11,104142.692
000570.SZ,20210726,6.26,6.45,6.11,6.22,6.24,-0.02,-0.3205,144119.44,90146.914
000570.SZ,20210723,6.2,6.46,6.19,6.24,6.24,0.0,0.0,175275.68,110501.878
000570.SZ,20210722,6.32,6.36,6.21,6.24,6.35,-0.11,-1.7323,153047.45,96006.608
000570.SZ,20210721,6.1,6.4,6.02,6.35,6.06,0.29,4.7855,229012.46,143357.958
000570.SZ,20210720,5.88,6.16,5.87,6.06,5.93,0.13,2.1922,152314.89,92263.802
000570.SZ,20210719,5.94,6.03,5.86,5.93,6.0,-0.07,-1.1667,119372.33,70902.203
000570.SZ,20210716,5.88,6.05,5.81,6.0,5.88,0.12,2.0408,162927.29,97285.419
000570.SZ,20210715,5.84,6.08,5.78,5.88,5.88,0.0,0.0,136751.95,80536.527
000570.SZ,20210714,5.81,5.96,5.77,5.88,5.85,0.03,0.5128,125220.51,73656.935
000570.SZ,20210713,5.74,5.86,5.68,5.85,5.73,0.12,2.0942,101837.26,58782.241
000570.SZ,20210712,5.7,5.78,5.67,5.73,5.68,0.05,0.8803,90995.98,52167.119
000570.SZ,20210709,5.52,5.74,5.51,5.68,5.53,0.15,2.7125,122271.93,69111.893
000570.SZ,20210708,5.53,5.56,5.44,5.53,5.53,0.0,0.0,67060.1,36833.907
000570.SZ,20210707,5.49,5.57,5.47,5.53,5.5,0.03,0.5455,52241.76,28865.479
000570.SZ,20210706,5.53,5.53,5.44,5.5,5.52,-0.02,-0.3623,52016.94,28481.206
000570.SZ,20210705,5.49,5.56,5.47,5.52,5.45,0.07,1.2844,47347.09,26083.303
000570.SZ,20210702,5.49,5.55,5.43,5.45,5.5,-0.05,-0.9091,63250.85,34754.903
000570.SZ,20210701,5.76,5.77,5.49,5.5,5.77,-0.27,-4.6794,119879.08,67335.844
000570.SZ,20210630,5.68,5.83,5.61,5.77,5.73,0.04,0.6981,76056.33,43808.837
000570.SZ,20210629,5.92,5.92,5.7,5.73,5.92,-0.19,-3.2095,86577.67,50275.612
000570.SZ,20210628,5.84,5.93,5.82,5.92,5.86,0.06,1.0239,75868.23,44607.668
000570.SZ,20210625,5.95,6.0,5.78,5.86,5.96,-0.1,-1.6779,118260.38,69288.741
000570.SZ,20210624,6.0,6.04,5.88,5.96,6.0,-0.04,-0.6667,134012.76,79657.825
000570.SZ,20210623,6.03,6.08,5.92,6.0,6.08,-0.08,-1.3158,156823.05,93795.91
000570.SZ,20210622,5.97,6.16,5.91,6.08,5.98,0.1,1.6722,268367.4,162951.793
000570.SZ,20210621,5.94,6.06,5.86,5.98,5.91,0.07,1.1844,263453.0,156852.558
000570.SZ,20210618,6.08,6.08,5.88,5.91,6.17,-0.26,-4.2139,403236.87,240409.297
000570.SZ,20210617,5.58,6.17,5.55,6.17,5.61,0.56,9.9822,292238.97,177735.548
000570.SZ,20210616,5.71,5.84,5.6,5.61,5.73,-0.12,-2.0942,140089.53,80395.343
000570.SZ,20210615,5.67,5.74,5.55,5.73,5.62,0.11,1.9573,99741.49,56732.087
000570.SZ,20210611,5.68,5.72,5.62,5.62,5.69,-0.07,-1.2302,77650.35,44070.213
000570.SZ,20210610,5.71,5.75,5.64,5.69,5.72,-0.03,-0.5245,78435.81,44585.537
000570.SZ,20210609,5.59,5.74,5.58,5.72,5.61,0.11,1.9608,99949.51,56820.696
000570.SZ,20210608,5.59,5.65,5.56,5.61,5.65,-0.04,-0.708,74599.54,41811.707
000570.SZ,20210607,5.77,5.87,5.58,5.65,5.68,-0.03,-0.5282,145505.72,82969.477
000570.SZ,20210604,5.62,5.69,5.55,5.68,5.64,0.04,0.7092,101374.87,57057.873
000570.SZ,20210603,5.6,5.7,5.52,5.64,5.63,0.01,0.1776,114979.0,64411.076
000570.SZ,20210602,5.5,5.78,5.45,5.63,5.51,0.12,2.1779,161253.87,90801.535
000570.SZ,20210601,5.5,5.54,5.44,5.51,5.5,0.01,0.1818,58969.01,32409.622
000570.SZ,20210531,5.47,5.53,5.41,5.5,5.42,0.08,1.476,63518.01,34892.567
000570.SZ,20210528,5.44,5.48,5.38,5.42,5.44,-0.02,-0.3676,52504.02,28493.419
000570.SZ,20210527,5.53,5.57,5.43,5.44,5.54,-0.1,-1.8051,81322.0,44548.826
000570.SZ,20210526,5.5,5.55,5.44,5.54,5.5,0.04,0.7273,91961.83,50528.708
000570.SZ,20210525,5.55,5.62,5.43,5.5,5.61,-0.11,-1.9608,134765.57,74358.794
000570.SZ,20210524,5.47,5.78,5.45,5.61,5.42,0.19,3.5055,207709.04,116410.26
000570.SZ,20210521,5.2,5.47,5.2,5.42,5.23,0.19,3.6329,84069.67,44821.356
000570.SZ,20210520,5.29,5.29,5.19,5.23,5.3,-0.07,-1.3208,43536.09,22745.948
000570.SZ,20210519,5.3,5.34,5.26,5.3,5.3,0.0,0.0,36526.99,19361.102
000570.SZ,20210518,5.2,5.31,5.18,5.3,5.24,0.06,1.145,33776.03,17776.763
000570.SZ,20210517,5.36,5.37,5.22,5.24,5.38,-0.14,-2.6022,60295.0,31710.05
000570.SZ,20210514,5.39,5.43,5.34,5.38,5.36,0.02,0.3731,48967.0,26349.915
000570.SZ,20210513,5.3,5.38,5.26,5.36,5.33,0.03,0.5629,56727.71,30363.407
000570.SZ,20210512,5.21,5.33,5.18,5.33,5.23,0.1,1.912,55610.4,29283.071
000570.SZ,20210511,5.33,5.33,5.18,5.23,5.34,-0.11,-2.0599,82264.04,43034.723
000570.SZ,20210510,5.36,5.42,5.3,5.34,5.35,-0.01,-0.1869,58694.1,31408.801
000570.SZ,20210507,5.36,5.43,5.29,5.35,5.31,0.04,0.7533,53855.01,28865.393
000570.SZ,20210506,5.33,5.38,5.26,5.31,5.3,0.01,0.1887,47693.12,25398.72
000570.SZ,20210430,5.47,5.49,5.28,5.3,5.49,-0.19,-3.4608,87671.17,46839.095
000570.SZ,20210429,5.45,5.52,5.44,5.49,5.49,0.0,0.0,59347.0,32558.823
000570.SZ,20210428,5.63,5.7,5.47,5.49,5.7,-0.21,-3.6842,109326.17,60798.686
000570.SZ,20210427,5.65,5.7,5.46,5.7,5.68,0.02,0.3521,105005.73,58492.006
000570.SZ,20210426,5.73,5.78,5.62,5.68,5.72,-0.04,-0.6993,115639.19,65840.433
000570.SZ,20210423,5.62,5.79,5.55,5.72,5.64,0.08,1.4184,139467.02,79392.663
000570.SZ,20210422,5.53,5.75,5.51,5.64,5.52,0.12,2.1739,137952.21,78003.19
000570.SZ,20210421,5.47,5.59,5.41,5.52,5.5,0.02,0.3636,72084.78,39689.658
000570.SZ,20210420,5.53,5.62,5.48,5.5,5.55,-0.05,-0.9009,69167.5,38427.482
000570.SZ,20210419,5.51,5.58,5.51,5.55,5.51,0.04,0.726,70062.62,38874.377
000570.SZ,20210416,5.39,5.55,5.38,5.51,5.38,0.13,2.4164,79241.96,43479.433
000570.SZ,20210415,5.4,5.51,5.38,5.38,5.37,0.01,0.1862,74798.84,40526.136
000570.SZ,20210414,5.3,5.38,5.25,5.37,5.32,0.05,0.9398,56623.86,30157.7
000570.SZ,20210413,5.45,5.49,5.29,5.32,5.48,-0.16,-2.9197,80309.0,43073.526
000570.SZ,20210412,5.57,5.63,5.46,5.48,5.58,-0.1,-1.7921,75753.01,42039.003
000570.SZ,20210409,5.47,5.63,5.43,5.58,5.47,0.11,2.011,78653.0,43426.335
000570.SZ,20210408,5.61,5.66,5.44,5.47,5.64,-0.17,-3.0142,125286.74,69070.376
000570.SZ,20210407,5.56,5.67,5.56,5.64,5.59,0.05,0.8945,76998.0,43231.5
000570.SZ,20210406,5.55,5.64,5.53,5.59,5.55,0.04,0.7207,72623.88,40644.314
000570.SZ,20210402,5.65,5.7,5.53,5.55,5.65,-0.1,-1.7699,104583.0,58308.284
000570.SZ,20210401,5.76,5.76,5.58,5.65,5.79,-0.14,-2.418,123539.93,69626.561
000570.SZ,20210331,5.8,5.92,5.72,5.79,5.84,-0.05,-0.8562,103053.46,59848.054
000570.SZ,20210330,5.93,5.95,5.72,5.84,5.97,-0.13,-2.1776,170766.38,99209.22
000570.SZ,20210329,5.82,6.08,5.76,5.97,5.8,0.17,2.931,256734.29,152474.422
000570.SZ,20210326,5.81,5.87,5.7,5.8,5.82,-0.02,-0.3436,197843.01,114755.099
000570.SZ,20210325,5.63,5.85,5.53,5.82,5.73,0.09,1.5707,297401.56,170271.094
000570.SZ,20210324,5.33,5.9,5.31,5.73,5.36,0.37,6.903,330012.55,188907.009
000570.SZ,20210323,5.71,5.73,5.35,5.36,5.7,-0.34,-5.9649,162918.24,90096.116
000570.SZ,20210322,5.55,5.71,5.5,5.7,5.58,0.12,2.1505,135137.09,76006.774
000570.SZ,20210319,5.48,5.65,5.45,5.58,5.59,-0.01,-0.1789,113016.97,62954.502
000570.SZ,20210318,5.73,5.78,5.56,5.59,5.78,-0.19,-3.2872,170806.01,96136.421
000570.SZ,20210317,5.66,5.87,5.62,5.78,5.72,0.06,1.049,205312.01,118613.562
000570.SZ,20210316,5.53,5.75,5.51,5.72,5.58,0.14,2.509,200087.0,113609.554
000570.SZ,20210315,5.65,5.68,5.46,5.58,5.69,-0.11,-1.9332,172935.81,96158.896
000570.SZ,20210312,5.41,5.79,5.38,5.69,5.46,0.23,4.2125,303353.76,170544.937
000570.SZ,20210311,5.38,5.51,5.29,5.46,5.44,0.02,0.3676,197072.16,106911.867
000570.SZ,20210310,5.35,5.5,5.25,5.44,5.34,0.1,1.8727,221996.06,119544.939
000570.SZ,20210309,5.57,5.57,5.18,5.34,5.61,-0.27,-4.8128,260198.75,139296.727
000570.SZ,20210308,5.73,5.76,5.5,5.61,5.78,-0.17,-2.9412,335616.56,188677.815
000570.SZ,20210305,6.2,6.2,5.74,5.78,6.28,-0.5,-7.9618,509986.52,303066.402
000570.SZ,20210304,5.78,6.28,5.72,6.28,5.71,0.57,9.9825,688682.17,411655.707
000570.SZ,20210303,5.18,5.71,5.15,5.71,5.19,0.52,10.0193,263716.89,145010.492
000570.SZ,20210302,5.22,5.29,5.15,5.19,5.27,-0.08,-1.518,113104.25,58775.702
000570.SZ,20210301,5.14,5.33,5.11,5.27,5.17,0.1,1.9342,140432.92,73510.714
000570.SZ,20210226,4.99,5.26,4.95,5.17,5.01,0.16,3.1936,155677.9,79926.297
000570.SZ,20210225,5.13,5.16,5.0,5.01,5.14,-0.13,-2.5292,102956.0,51964.897
000570.SZ,20210224,5.11,5.2,5.08,5.14,5.11,0.03,0.5871,102308.02,52471.232
000570.SZ,20210223,5.11,5.23,5.07,5.11,5.11,0.0,0.0,108664.17,55850.532
000570.SZ,20210222,5.12,5.29,5.1,5.11,5.08,0.03,0.5906,183836.12,95248.632
000570.SZ,20210219,4.87,5.08,4.86,5.08,4.86,0.22,4.5267,117439.07,58872.915
000570.SZ,20210218,4.76,4.91,4.74,4.86,4.7,0.16,3.4043,101622.66,49214.447
000570.SZ,20210210,4.73,4.81,4.69,4.7,4.74,-0.04,-0.8439,75918.41,35939.005
000570.SZ,20210209,4.7,4.78,4.64,4.74,4.7,0.04,0.8511,85419.16,40379.25
000570.SZ,20210208,4.65,4.76,4.61,4.7,4.65,0.05,1.0753,68231.15,31990.266
000570.SZ,20210205,4.78,4.94,4.62,4.65,4.79,-0.14,-2.9228,101737.02,48623.553
000570.SZ,20210204,4.9,4.96,4.7,4.79,4.9,-0.11,-2.2449,134967.19,64965.237
000570.SZ,20210203,5.06,5.08,4.9,4.9,5.06,-0.16,-3.1621,114844.94,57189.014
000570.SZ,20210202,5.19,5.19,5.03,5.06,5.1,-0.04,-0.7843,94618.69,48192.974
000570.SZ,20210201,5.0,5.14,4.96,5.1,5.03,0.07,1.3917,104352.25,52882.919
000570.SZ,20210129,5.16,5.18,4.95,5.03,5.12,-0.09,-1.7578,140113.25,70706.069
000570.SZ,20210128,5.36,5.4,5.11,5.12,5.45,-0.33,-6.055,207061.79,108408.249
000570.SZ,20210127,5.49,5.55,5.33,5.45,5.57,-0.12,-2.1544,165659.42,89612.798
000570.SZ,20210126,5.43,5.65,5.37,5.57,5.41,0.16,2.9575,268876.53,148681.812
000570.SZ,20210125,5.37,5.49,5.29,5.41,5.45,-0.04,-0.7339,174366.54,94075.016
000570.SZ,20210122,5.61,5.63,5.42,5.45,5.65,-0.2,-3.5398,255202.0,140001.534
000570.SZ,20210121,5.78,5.79,5.55,5.65,5.74,-0.09,-1.5679,247872.34,139985.567
000570.SZ,20210120,5.65,5.79,5.55,5.74,5.64,0.1,1.773,278893.82,158219.522
000570.SZ,20210119,5.93,6.04,5.62,5.64,5.83,-0.19,-3.259,418771.92,243410.28
000570.SZ,20210118,5.8,5.99,5.71,5.83,5.99,-0.16,-2.6711,430712.43,251268.124
000570.SZ,20210115,6.0,6.3,5.99,5.99,6.65,-0.66,-9.9248,633980.85,384212.161
000570.SZ,20210114,6.89,6.92,6.65,6.65,7.39,-0.74,-10.0135,456808.45,306818.272
000570.SZ,20210113,6.78,7.92,6.49,7.39,7.2,0.19,2.6389,1082786.1,791917.423
000570.SZ,20210112,7.4,7.84,6.81,7.2,7.13,0.07,0.9818,976603.9,720529.056
000570.SZ,20210111,7.0,7.13,6.8,7.13,6.48,0.65,10.0309,387416.05,274398.034
000570.SZ,20210108,5.9,6.48,5.5,6.48,5.89,0.59,10.017,514159.67,305938.44
000570.SZ,20210107,5.3,5.89,5.29,5.89,5.35,0.54,10.0935,312292.71,180147.056
000570.SZ,20210106,5.47,5.58,5.32,5.35,5.48,-0.13,-2.3723,103984.9,56280.203
000570.SZ,20210105,5.68,5.68,5.43,5.48,5.69,-0.21,-3.6907,129081.67,71217.8
000570.SZ,20210104,5.56,5.8,5.5,5.69,5.62,0.07,1.2456,151863.66,86094.33
000570.SZ,20201231,5.44,5.74,5.36,5.62,5.44,0.18,3.3088,185922.87,104063.046
000570.SZ,20201230,5.4,5.49,5.24,5.44,5.49,-0.05,-0.9107,112285.53,60118.759
000570.SZ,20201229,5.37,5.75,5.35,5.49,5.4,0.09,1.6667,134271.79,74072.018
000570.SZ,20201228,5.45,5.55,5.38,5.4,5.42,-0.02,-0.369,140429.63,76709.141
000570.SZ,20201225,5.19,5.54,5.19,5.42,5.23,0.19,3.6329,154102.72,83327.376
000570.SZ,20201224,5.21,5.36,5.16,5.23,5.26,-0.03,-0.5703,96752.43,50858.391
000570.SZ,20201223,5.28,5.33,5.18,5.26,5.34,-0.08,-1.4981,104083.81,54575.394
000570.SZ,20201222,5.31,5.45,5.26,5.34,5.28,0.06,1.1364,181979.06,97369.877
000570.SZ,20201221,5.3,5.36,5.16,5.28,5.36,-0.08,-1.4925,153144.04,80450.115
000570.SZ,20201218,5.37,5.57,5.21,5.36,5.17,0.19,3.675,238587.91,128326.872
000570.SZ,20201217,4.93,5.37,4.86,5.17,4.88,0.29,5.9426,123987.55,63530.933
000570.SZ,20201216,4.92,4.93,4.85,4.88,4.93,-0.05,-1.0142,23554.77,11528.881
000570.SZ,20201215,4.79,4.93,4.77,4.93,4.83,0.1,2.0704,36131.14,17699.552
000570.SZ,20201214,4.81,4.85,4.75,4.83,4.79,0.04,0.8351,17006.46,8194.749
000570.SZ,20201211,4.88,4.88,4.75,4.79,4.89,-0.1,-2.045,28961.53,13900.14
000570.SZ,20201210,4.82,4.9,4.8,4.89,4.81,0.08,1.6632,27237.46,13225.017
000570.SZ,20201209,4.91,4.91,4.8,4.81,4.88,-0.07,-1.4344,37814.0,18285.689
000570.SZ,20201208,4.95,4.96,4.87,4.88,4.95,-0.07,-1.4141,38876.92,19074.855
000570.SZ,20201207,5.04,5.04,4.95,4.95,5.03,-0.08,-1.5905,49110.97,24445.609
000570.SZ,20201204,5.08,5.08,5.02,5.03,5.08,-0.05,-0.9843,46176.49,23290.75
000570.SZ,20201203,5.12,5.13,5.06,5.08,5.13,-0.05,-0.9747,45401.47,23091.564
000570.SZ,20201202,5.1,5.15,5.08,5.13,5.1,0.03,0.5882,60680.94,31050.237
000570.SZ,20201201,5.07,5.13,5.06,5.1,5.1,0.0,0.0,57093.17,29109.192
000570.SZ,20201130,5.11,5.14,5.06,5.1,5.12,-0.02,-0.3906,56025.17,28584.788
000570.SZ,20201127,5.14,5.17,5.06,5.12,5.2,-0.08,-1.5385,82244.02,42020.555
000570.SZ,20201126,5.26,5.4,5.14,5.2,5.29,-0.09,-1.7013,128324.31,67486.575
000570.SZ,20201125,5.1,5.35,5.06,5.29,5.09,0.2,3.9293,181449.1,95137.717
000570.SZ,20201124,5.12,5.18,5.09,5.09,5.12,-0.03,-0.5859,67818.82,34706.959
000570.SZ,20201123,5.15,5.17,5.08,5.12,5.18,-0.06,-1.1583,90919.89,46565.754
000570.SZ,20201120,5.15,5.26,5.08,5.18,5.18,0.0,0.0,123370.93,63768.666
000570.SZ,20201119,5.08,5.19,5.02,5.18,5.14,0.04,0.7782,130447.09,66648.246
000570.SZ,20201118,5.17,5.17,5.05,5.14,5.22,-0.08,-1.5326,135143.27,68875.319
000570.SZ,20201117,5.08,5.32,4.99,5.22,5.13,0.09,1.7544,224773.09,115894.149
000570.SZ,20201116,5.04,5.2,4.94,5.13,5.09,0.04,0.7859,206887.15,104657.439
000570.SZ,20201113,5.16,5.6,5.05,5.09,5.42,-0.33,-6.0886,290668.73,149511.202
000570.SZ,20201112,5.99,6.22,5.33,5.42,5.87,-0.45,-7.6661,509485.62,289347.77
000570.SZ,20201111,5.54,5.87,5.5,5.87,5.34,0.53,9.9251,254303.38,146730.613
000570.SZ,20201110,4.9,5.34,4.87,5.34,4.85,0.49,10.1031,154758.03,80336.453
000570.SZ,20201109,4.67,4.94,4.65,4.85,4.66,0.19,4.0773,82624.37,39846.056
000570.SZ,20201106,4.73,4.73,4.62,4.66,4.72,-0.06,-1.2712,29670.35,13839.874
000570.SZ,20201105,4.66,4.73,4.65,4.72,4.65,0.07,1.5054,28035.3,13154.193
000570.SZ,20201104,4.69,4.7,4.6,4.65,4.69,-0.04,-0.8529,19503.56,9063.164
000570.SZ,20201103,4.62,4.7,4.62,4.69,4.61,0.08,1.7354,29777.26,13881.966
000570.SZ,20201102,4.69,4.69,4.56,4.61,4.69,-0.08,-1.7058,38790.84,17874.821
000570.SZ,20201030,4.84,4.84,4.64,4.69,4.84,-0.15,-3.0992,39464.2,18714.657
000570.SZ,20201029,4.76,4.86,4.73,4.84,4.8,0.04,0.8333,38808.71,18661.337
000570.SZ,20201028,4.73,4.81,4.62,4.8,4.72,0.08,1.6949,29945.66,14169.954
000570.SZ,20201027,4.74,4.75,4.68,4.72,4.73,-0.01,-0.2114,16507.84,7778.642
000570.SZ,20201026,4.66,4.75,4.66,4.73,4.72,0.01,0.2119,19154.66,9022.999
000570.SZ,20201023,4.78,4.84,4.69,4.72,4.79,-0.07,-1.4614,23206.84,11054.168
000570.SZ,20201022,4.75,4.82,4.7,4.79,4.76,0.03,0.6303,26095.72,12462.082
000570.SZ,20201021,4.83,4.84,4.74,4.76,4.86,-0.1,-2.0576,25019.3,11947.613
000570.SZ,20201020,4.75,4.91,4.75,4.86,4.79,0.07,1.4614,19528.9,9398.85
000570.SZ,20201019,4.84,4.9,4.79,4.79,4.84,-0.05,-1.0331,28143.91,13636.677
000570.SZ,20201016,4.75,4.84,4.75,4.84,4.76,0.08,1.6807,20594.23,9913.872
000570.SZ,20201015,4.77,4.83,4.75,4.76,4.77,-0.01,-0.2096,19003.11,9108.295
000570.SZ,20201014,4.86,4.87,4.74,4.77,4.86,-0.09,-1.8519,29195.15,13995.533
000570.SZ,20201013,4.83,4.87,4.82,4.86,4.86,0.0,0.0,26464.54,12828.751
000570.SZ,20201012,4.78,4.88,4.78,4.86,4.76,0.1,2.1008,27334.11,13219.676
000570.SZ,20201009,4.68,4.8,4.68,4.76,4.64,0.12,2.5862,23086.0,10970.687
000570.SZ,20200930,4.66,4.7,4.6,4.64,4.66,-0.02,-0.4292,19514.27,9074.827
000570.SZ,20200929,4.65,4.74,4.64,4.66,4.65,0.01,0.2151,18471.67,8656.419
000570.SZ,20200928,4.65,4.75,4.63,4.65,4.65,0.0,0.0,20659.0,9658.337
000570.SZ,20200925,4.65,4.73,4.61,4.65,4.69,-0.04,-0.8529,21421.06,10013.532
000570.SZ,20200924,4.82,4.82,4.65,4.69,4.82,-0.13,-2.6971,28018.55,13210.395
000570.SZ,20200923,4.85,4.88,4.8,4.82,4.81,0.01,0.2079,16843.05,8140.669
000570.SZ,20200922,4.86,4.9,4.81,4.81,4.89,-0.08,-1.636,18423.96,8927.559
000570.SZ,20200921,4.9,4.93,4.85,4.89,4.9,-0.01,-0.2041,22066.29,10806.106
000570.SZ,20200918,4.81,4.9,4.81,4.9,4.83,0.07,1.4493,30994.56,15047.122
000570.SZ,20200917,4.78,4.86,4.77,4.83,4.8,0.03,0.625,18924.5,9117.257
000570.SZ,20200916,4.89,4.9,4.77,4.8,4.89,-0.09,-1.8405,26181.02,12606.213
000570.SZ,20200915,4.94,4.98,4.84,4.89,4.94,-0.05,-1.0121,29858.01,14562.651
000570.SZ,20200914,5.01,5.06,4.87,4.94,5.01,-0.07,-1.3972,39012.96,19293.673
000570.SZ,20200911,4.95,5.01,4.88,5.01,4.99,0.02,0.4008,33183.56,16422.724
000570.SZ,20200910,5.23,5.28,4.9,4.99,5.21,-0.22,-4.2226,75907.32,38301.024
000570.SZ,20200909,5.16,5.3,5.13,5.21,5.19,0.02,0.3854,61160.0,32013.034
000570.SZ,20200908,5.08,5.21,5.07,5.19,5.1,0.09,1.7647,37401.71,19255.084
000570.SZ,20200907,5.17,5.28,5.05,5.1,5.17,-0.07,-1.354,43650.11,22503.988
000570.SZ,20200904,5.17,5.17,5.03,5.17,5.14,0.03,0.5837,41088.22,20911.495
000570.SZ,20200903,5.27,5.31,5.12,5.14,5.3,-0.16,-3.0189,39859.0,20754.142
000570.SZ,20200902,5.27,5.33,5.24,5.3,5.27,0.03,0.5693,40490.0,21398.124
000570.SZ,20200901,5.2,5.27,5.14,5.27,5.23,0.04,0.7648,32822.1,17125.032
000570.SZ,20200831,5.24,5.32,5.23,5.23,5.23,0.0,0.0,36181.87,19073.926
000570.SZ,20200828,5.18,5.27,5.15,5.23,5.18,0.05,0.9653,25216.88,13134.67
000570.SZ,20200827,5.1,5.22,5.09,5.18,5.1,0.08,1.5686,32293.53,16636.343
000570.SZ,20200826,5.24,5.27,5.1,5.1,5.24,-0.14,-2.6718,48102.5,24821.261
000570.SZ,20200825,5.38,5.39,5.23,5.24,5.39,-0.15,-2.7829,46053.41,24338.955
000570.SZ,20200824,5.32,5.39,5.27,5.39,5.32,0.07,1.3158,37075.9,19746.436
000570.SZ,20200821,5.3,5.43,5.18,5.32,5.29,0.03,0.5671,51944.55,27686.914
000570.SZ,20200820,5.37,5.5,5.27,5.29,5.41,-0.12,-2.2181,64075.0,34295.83
000570.SZ,20200819,5.5,5.54,5.34,5.41,5.56,-0.15,-2.6978,128812.12,70029.813
000570.SZ,20200818,5.28,5.66,5.28,5.56,5.32,0.24,4.5113,186502.83,102290.95
000570.SZ,20200817,5.27,5.34,5.24,5.32,5.27,0.05,0.9488,93820.11,49610.861
000570.SZ,20200814,5.19,5.28,5.14,5.27,5.18,0.09,1.7375,75202.59,39336.74
000570.SZ,20200813,5.09,5.32,5.03,5.18,5.08,0.1,1.9685,76528.65,39878.096
000570.SZ,20200812,5.06,5.12,4.92,5.08,5.06,0.02,0.3953,54345.01,27412.623
000570.SZ,20200811,5.26,5.27,5.04,5.06,5.25,-0.19,-3.619,65180.12,33662.669
000570.SZ,20200810,5.17,5.28,5.16,5.25,5.21,0.04,0.7678,53897.3,28274.446
000570.SZ,20200807,5.27,5.28,5.14,5.21,5.32,-0.11,-2.0677,62634.44,32605.3
000570.SZ,20200806,5.3,5.34,5.22,5.32,5.29,0.03,0.5671,69271.98,36634.477
000570.SZ,20200805,5.2,5.34,5.16,5.29,5.2,0.09,1.7308,77918.01,41056.203
000570.SZ,20200804,5.26,5.29,5.16,5.2,5.26,-0.06,-1.1407,80589.92,41959.165
000570.SZ,20200803,5.01,5.32,4.99,5.26,5.01,0.25,4.99,121405.45,63318.173
000570.SZ,20200731,4.98,5.09,4.93,5.01,4.92,0.09,1.8293,71969.0,36065.897
000570.SZ,20200730,5.03,5.06,4.9,4.92,5.04,-0.12,-2.381,63404.79,31428.28
000570.SZ,20200729,4.93,5.04,4.86,5.04,4.95,0.09,1.8182,59048.45,29395.026
000570.SZ,20200728,4.95,4.97,4.88,4.95,4.88,0.07,1.4344,58546.76,28802.519
000570.SZ,20200727,4.93,5.05,4.83,4.88,4.97,-0.09,-1.8109,72026.98,35453.336
000570.SZ,20200724,5.28,5.28,4.93,4.97,5.27,-0.3,-5.6926,133722.13,68091.323
000570.SZ,20200723,5.16,5.35,5.1,5.27,5.17,0.1,1.9342,127538.2,66892.58
000570.SZ,20200722,5.16,5.29,5.08,5.17,5.34,-0.17,-3.1835,173097.28,89580.708
000570.SZ,20200721,5.59,5.86,5.25,5.34,5.7,-0.36,-6.3158,346924.65,188308.399
000570.SZ,20200720,5.62,5.88,5.5,5.7,5.41,0.29,5.3604,354519.04,200914.223
000570.SZ,20200717,4.95,5.41,4.86,5.41,4.92,0.49,9.9593,294089.22,155462.627
000570.SZ,20200716,4.94,5.02,4.9,4.92,4.89,0.03,0.6135,95446.23,47269.863
000570.SZ,20200715,5.03,5.09,4.89,4.89,5.06,-0.17,-3.3597,74804.52,37290.267
000570.SZ,20200714,5.1,5.3,4.93,5.06,5.11,-0.05,-0.9785,132096.27,67412.574
000570.SZ,20200713,4.9,5.13,4.9,5.11,4.97,0.14,2.8169,136982.07,68860.404
000570.SZ,20200710,4.95,4.97,4.83,4.97,4.91,0.06,1.222,84820.12,41718.314
000570.SZ,20200709,4.85,4.96,4.78,4.91,4.84,0.07,1.4463,75480.48,36972.76
000570.SZ,20200708,4.73,4.86,4.66,4.84,4.7,0.14,2.9787,67409.82,32110.418
000570.SZ,20200707,4.7,4.79,4.64,4.7,4.71,-0.01,-0.2123,65231.1,30813.04
000570.SZ,20200706,4.58,4.73,4.55,4.71,4.55,0.16,3.5165,67144.96,31310.783
000570.SZ,20200703,4.46,4.57,4.45,4.55,4.45,0.1,2.2472,32187.22,14541.911
000570.SZ,20200702,4.41,4.48,4.39,4.45,4.39,0.06,1.3667,29164.14,12928.93
000570.SZ,20200701,4.48,4.48,4.36,4.39,4.45,-0.06,-1.3483,23176.76,10219.192
000570.SZ,20200630,4.36,4.46,4.35,4.45,4.35,0.1,2.2989,19898.96,8795.723
000570.SZ,20200629,4.42,4.42,4.3,4.35,4.4,-0.05,-1.1364,20774.03,9026.349
000570.SZ,20200624,4.51,4.53,4.38,4.4,4.51,-0.11,-2.439,37026.05,16367.577
000570.SZ,20200623,4.56,4.58,4.5,4.51,4.58,-0.07,-1.5284,19504.95,8833.509
000570.SZ,20200622,4.51,4.59,4.51,4.58,4.53,0.05,1.1038,16074.26,7330.484
000570.SZ,20200619,4.53,4.58,4.5,4.53,4.53,0.0,0.0,31039.66,14065.242
000570.SZ,20200618,4.63,4.64,4.52,4.53,4.63,-0.1,-2.1598,42712.74,19459.486
000570.SZ,20200617,4.68,4.68,4.59,4.63,4.66,-0.03,-0.6438,19984.47,9242.615
000570.SZ,20200616,4.59,4.67,4.58,4.66,4.57,0.09,1.9694,22416.5,10361.406
000570.SZ,20200615,4.6,4.71,4.57,4.57,4.6,-0.03,-0.6522,23090.0,10696.745
000570.SZ,20200612,4.53,4.62,4.5,4.6,4.62,-0.02,-0.4329,23950.96,10963.152
000570.SZ,20200611,4.7,4.7,4.58,4.62,4.7,-0.08,-1.7021,33092.89,15365.617
000570.SZ,20200610,4.75,4.77,4.7,4.7,4.78,-0.08,-1.6736,21088.4,9955.724
000570.SZ,20200609,4.7,4.79,4.68,4.78,4.73,0.05,1.0571,26481.1,12559.161
000570.SZ,20200608,4.78,4.81,4.67,4.73,4.75,-0.02,-0.4211,38210.58,18105.451
000570.SZ,20200605,4.92,4.96,4.75,4.75,4.94,-0.19,-3.8462,64403.68,31002.173
000570.SZ,20200604,4.9,5.04,4.9,4.94,4.93,0.01,0.2028,62356.0,30987.957
000570.SZ,20200603,4.92,5.03,4.89,4.93,4.95,-0.02,-0.404,59428.29,29441.074
000570.SZ,20200602,4.93,4.95,4.83,4.95,4.92,0.03,0.6098,58714.01,28759.442
000570.SZ,20200601,4.87,5.05,4.86,4.92,4.87,0.05,1.0267,84299.01,41818.115
000570.SZ,20200529,4.77,4.91,4.74,4.87,4.81,0.06,1.2474,82020.42,39786.392
000570.SZ,20200528,4.71,4.82,4.65,4.81,4.74,0.07,1.4768,59707.71,28276.67
000570.SZ,20200527,4.77,4.78,4.68,4.74,4.77,-0.03,-0.6289,41940.01,19797.61
000570.SZ,20200526,4.76,4.82,4.67,4.77,4.8,-0.03,-0.625,57860.02,27516.49
000570.SZ,20200525,4.86,4.86,4.65,4.8,4.82,-0.02,-0.4149,84006.83,39861.339
000570.SZ,20200522,4.67,4.98,4.67,4.82,4.72,0.1,2.1186,125524.09,60630.239
000570.SZ,20200521,4.68,4.82,4.61,4.72,4.65,0.07,1.5054,86577.95,40973.805
000570.SZ,20200520,4.58,4.69,4.54,4.65,4.55,0.1,2.1978,73358.92,34057.457
000570.SZ,20200519,4.52,4.58,4.45,4.55,4.52,0.03,0.6637,23163.01,10466.069
000570.SZ,20200518,4.5,4.57,4.43,4.52,4.52,0.0,0.0,18860.32,8498.004
000570.SZ,20200515,4.51,4.57,4.49,4.52,4.5,0.02,0.4444,25200.31,11392.827
000570.SZ,20200514,4.56,4.56,4.46,4.5,4.58,-0.08,-1.7467,24834.86,11177.805
000570.SZ,20200513,4.52,4.62,4.48,4.58,4.56,0.02,0.4386,34221.0,15619.974
000570.SZ,20200512,4.59,4.69,4.52,4.56,4.6,-0.04,-0.8696,30525.65,14041.332
000570.SZ,20200511,4.76,4.76,4.56,4.6,4.72,-0.12,-2.5424,34991.0,16275.49
000570.SZ,20200508,4.61,4.77,4.58,4.72,4.62,0.1,2.1645,76948.45,36224.612
000570.SZ,20200507,4.62,4.64,4.54,4.62,4.59,0.03,0.6536,31179.24,14313.313
000570.SZ,20200506,4.5,4.59,4.38,4.59,4.52,0.07,1.5487,27688.11,12500.346
000570.SZ,20200430,4.58,4.59,4.47,4.52,4.55,-0.03,-0.6593,30952.28,14024.52
000570.SZ,20200429,4.51,4.57,4.47,4.55,4.61,-0.06,-1.3015,28462.3,12828.237
000570.SZ,20200428,4.65,4.75,4.4,4.61,4.71,-0.1,-2.1231,53957.07,24531.881
000570.SZ,20200427,4.46,4.81,4.45,4.71,4.48,0.23,5.1339,103017.83,48000.442
000570.SZ,20200424,4.34,4.5,4.33,4.48,4.35,0.13,2.9885,52757.15,23355.925
000570.SZ,20200423,4.28,4.37,4.27,4.35,4.29,0.06,1.3986,20551.0,8910.282
000570.SZ,20200422,4.24,4.29,4.19,4.29,4.24,0.05,1.1792,16706.0,7091.372
000570.SZ,20200421,4.32,4.35,4.23,4.24,4.29,-0.05,-1.1655,18278.0,7805.372
000570.SZ,20200420,4.35,4.35,4.29,4.29,4.35,-0.06,-1.3793,18439.0,7953.239
000570.SZ,20200417,4.36,4.41,4.33,4.35,4.36,-0.01,-0.2294,22250.33,9703.976
000570.SZ,20200416,4.3,4.43,4.3,4.36,4.38,-0.02,-0.4566,23879.6,10456.741
000570.SZ,20200415,4.28,4.48,4.26,4.38,4.3,0.08,1.8605,65393.06,28839.264
000570.SZ,20200414,4.22,4.31,4.22,4.3,4.23,0.07,1.6548,13413.96,5726.933
000570.SZ,20200413,4.29,4.33,4.19,4.23,4.31,-0.08,-1.8561,14739.0,6269.134
000570.SZ,20200410,4.41,4.41,4.3,4.31,4.39,-0.08,-1.8223,23579.02,10238.89
000570.SZ,20200409,4.36,4.41,4.35,4.39,4.37,0.02,0.4577,17210.0,7543.332
000570.SZ,20200408,4.34,4.41,4.33,4.37,4.38,-0.01,-0.2283,24507.0,10711.918
000570.SZ,20200407,4.31,4.38,4.26,4.38,4.22,0.16,3.7915,29424.22,12734.928
000570.SZ,20200403,4.26,4.28,4.17,4.22,4.25,-0.03,-0.7059,12894.01,5463.281
000570.SZ,20200402,4.12,4.26,4.12,4.25,4.17,0.08,1.9185,15961.84,6726.699
000570.SZ,20200401,4.25,4.34,4.15,4.17,4.27,-0.1,-2.3419,18921.01,8034.644
000570.SZ,20200331,4.18,4.28,4.16,4.27,4.14,0.13,3.1401,25850.0,10928.303
000570.SZ,20200330,4.2,4.21,4.1,4.14,4.27,-0.13,-3.0445,23676.25,9800.883
000570.SZ,20200327,4.31,4.31,4.23,4.27,4.25,0.02,0.4706,19593.0,8361.141
000570.SZ,20200326,4.31,4.32,4.23,4.25,4.31,-0.06,-1.3921,18114.02,7733.455
000570.SZ,20200325,4.24,4.34,4.2,4.31,4.19,0.12,2.864,22793.36,9740.172
000570.SZ,20200324,4.11,4.23,4.11,4.19,4.11,0.08,1.9465,20108.36,8375.643
000570.SZ,20200323,4.26,4.26,4.0,4.11,4.36,-0.25,-5.7339,27070.01,11317.021
000570.SZ,20200320,4.34,4.39,4.27,4.36,4.34,0.02,0.4608,29697.01,12891.063
000570.SZ,20200319,4.51,4.52,4.25,4.34,4.5,-0.16,-3.5556,53755.01,23443.757
000570.SZ,20200318,4.7,4.71,4.49,4.5,4.7,-0.2,-4.2553,82535.45,38042.369
000570.SZ,20200317,4.7,4.77,4.48,4.7,4.7,0.0,0.0,67161.17,30965.62
000570.SZ,20200316,4.75,4.85,4.56,4.7,4.75,-0.05,-1.0526,86343.5,40900.739
000570.SZ,20200313,4.6,4.77,4.47,4.75,4.8,-0.05,-1.0417,118141.63,55005.342
000570.SZ,20200312,4.71,4.86,4.65,4.8,4.78,0.02,0.4184,117185.98,55789.161
000570.SZ,20200311,4.67,4.98,4.6,4.78,4.66,0.12,2.5751,177691.53,84513.372
000570.SZ,20200310,4.47,4.72,4.32,4.66,4.57,0.09,1.9694,106484.87,48407.606
000570.SZ,20200309,4.49,4.63,4.43,4.57,4.56,0.01,0.2193,60903.97,27684.985
000570.SZ,20200306,4.53,4.65,4.5,4.56,4.6,-0.04,-0.8696,38669.15,17698.834
000570.SZ,20200305,4.49,4.6,4.46,4.6,4.44,0.16,3.6036,56146.59,25522.326
000570.SZ,20200304,4.4,4.44,4.35,4.44,4.41,0.03,0.6803,26123.4,11514.642
000570.SZ,20200303,4.39,4.49,4.34,4.41,4.35,0.06,1.3793,32583.02,14424.017
000570.SZ,20200302,4.2,4.39,4.2,4.35,4.19,0.16,3.8186,30017.06,13026.71
000570.SZ,20200228,4.42,4.42,4.19,4.19,4.53,-0.34,-7.5055,56116.5,24104.095
000570.SZ,20200227,4.59,4.61,4.48,4.53,4.6,-0.07,-1.5217,43055.0,19507.21
000570.SZ,20200226,4.61,4.75,4.54,4.6,4.6,0.0,0.0,62057.03,28726.759
000570.SZ,20200225,4.6,4.68,4.48,4.6,4.69,-0.09,-1.919,63797.73,29213.035
000570.SZ,20200224,4.5,4.75,4.48,4.69,4.53,0.16,3.532,84044.61,38888.524
000570.SZ,20200221,4.45,4.56,4.4,4.53,4.47,0.06,1.3423,69006.35,31021.986
000570.SZ,20200220,4.32,4.5,4.32,4.47,4.39,0.08,1.8223,76310.04,33636.662
000570.SZ,20200219,4.23,4.48,4.16,4.39,4.25,0.14,3.2941,105200.54,45490.217
000570.SZ,20200218,4.2,4.28,4.18,4.25,4.2,0.05,1.1905,30117.63,12722.109
000570.SZ,20200217,4.12,4.2,4.09,4.2,4.07,0.13,3.1941,41473.71,17272.964
000570.SZ,20200214,4.09,4.13,4.04,4.07,4.09,-0.02,-0.489,18783.29,7683.408
000570.SZ,20200213,4.16,4.17,4.07,4.09,4.16,-0.07,-1.6827,26345.0,10834.226
000570.SZ,20200212,4.15,4.19,4.1,4.16,4.12,0.04,0.9709,24735.82,10258.811
000570.SZ,20200211,4.16,4.19,4.08,4.12,4.13,-0.01,-0.2421,21437.73,8862.33
000570.SZ,20200210,4.07,4.19,3.98,4.13,4.06,0.07,1.7241,23256.02,9573.365
000570.SZ,20200207,4.05,4.18,3.99,4.06,3.97,0.09,2.267,34173.13,13894.709
000570.SZ,20200206,3.96,4.0,3.83,3.97,3.92,0.05,1.2755,31520.23,12462.186
000570.SZ,20200205,3.81,3.97,3.81,3.92,3.81,0.11,2.8871,32020.69,12533.894
000570.SZ,20200204,3.58,3.9,3.58,3.81,3.97,-0.16,-4.0302,51483.47,19397.724
000570.SZ,20200203,3.97,4.0,3.97,3.97,4.41,-0.44,-9.9773,10341.0,4106.846
000570.SZ,20200123,4.55,4.58,4.37,4.41,4.58,-0.17,-3.7118,27776.79,12419.192
000570.SZ,20200122,4.55,4.63,4.5,4.58,4.57,0.01,0.2188,20524.8,9383.876
000570.SZ,20200121,4.71,4.71,4.56,4.57,4.73,-0.16,-3.3827,31440.01,14518.945
000570.SZ,20200120,4.64,4.82,4.57,4.73,4.68,0.05,1.0684,96300.35,44870.891
000570.SZ,20200117,4.65,4.77,4.65,4.68,4.65,0.03,0.6452,42694.01,20107.567
000570.SZ,20200116,4.7,4.7,4.63,4.65,4.7,-0.05,-1.0638,19726.01,9183.212
000570.SZ,20200115,4.79,4.83,4.67,4.7,4.79,-0.09,-1.8789,26099.95,12301.18
000570.SZ,20200114,4.77,4.87,4.76,4.79,4.76,0.03,0.6303,38407.63,18529.087
000570.SZ,20200113,4.73,4.77,4.69,4.76,4.74,0.02,0.4219,19353.5,9149.759
000570.SZ,20200110,4.8,4.83,4.7,4.74,4.8,-0.06,-1.25,29085.0,13832.512
000570.SZ,20200109,4.71,4.82,4.68,4.8,4.66,0.14,3.0043,73692.6,35084.717
000570.SZ,20200108,4.71,4.78,4.64,4.66,4.75,-0.09,-1.8947,47694.48,22378.352
000570.SZ,20200107,4.72,4.75,4.69,4.75,4.71,0.04,0.8493,37070.12,17523.43
000570.SZ,20200106,4.64,4.79,4.63,4.71,4.73,-0.02,-0.4228,48246.11,22752.095
000570.SZ,20200103,4.68,4.83,4.62,4.73,4.63,0.1,2.1598,99812.18,46973.372
000570.SZ,20200102,4.61,4.71,4.58,4.63,4.59,0.04,0.8715,44935.82,20835.355
