code,name,time_key,open,close,high,low,pe_ratio,turnover_rate,volume,turnover,change_rate,last_close
SH.600050,中国联通,2022-01-04 00:00:00,3.57,3.62,3.63,3.55,19.275,0.00586,180263474,715299835.0,1.6853932584269677,3.56
SH.600050,中国联通,2022-01-05 00:00:00,3.62,3.61,3.62,3.58,19.227,0.00412,126776073,504135225.0,-0.2762430939226583,3.62
SH.600050,中国联通,2022-01-06 00:00:00,3.61,3.59,3.61,3.57,19.13,0.00297,91398847,362182432.0,-0.5540166204986154,3.61
SH.600050,中国联通,2022-01-07 00:00:00,3.59,3.62,3.65,3.58,19.275,0.00409,125762938,502270201.0,0.8356545961002856,3.59
SH.600050,中国联通,2022-01-10 00:00:00,3.63,3.66,3.68,3.62,19.468,0.00419,128971639,518489127.0,1.1049723756906087,3.62
SH.600050,中国联通,2022-01-11 00:00:00,3.66,3.66,3.68,3.64,19.468,0.00313,96160087,387689217.0,0.0,3.66
SH.600050,中国联通,2022-01-12 00:00:00,3.65,3.64,3.66,3.62,19.371,0.00229,70536599,282671801.0,-0.5464480874316944,3.66
SH.600050,中国联通,2022-01-13 00:00:00,3.65,3.64,3.68,3.63,19.371,0.00211,64780785,260519246.0,0.0,3.64
SH.600050,中国联通,2022-01-14 00:00:00,3.64,3.6,3.64,3.6,19.178,0.00281,86391331,344522186.0,-1.0989010989010999,3.64
SH.600050,中国联通,2022-01-17 00:00:00,3.61,3.6,3.62,3.6,19.178,0.002,61428735,244409004.0,0.0,3.6
SH.600050,中国联通,2022-01-18 00:00:00,3.61,3.65,3.67,3.6,19.42,0.00362,111333680,445998182.0,1.388888888888884,3.6
SH.600050,中国联通,2022-01-19 00:00:00,3.64,3.64,3.65,3.62,19.371,0.00197,60628636,242835880.0,-0.2739726027397202,3.65
SH.600050,中国联通,2022-01-20 00:00:00,3.64,3.64,3.66,3.62,19.371,0.00274,84320425,338619343.0,0.0,3.64
SH.600050,中国联通,2022-01-21 00:00:00,3.63,3.63,3.65,3.6,19.323,0.00301,92457608,369070464.0,-0.2747252747252811,3.64
SH.600050,中国联通,2022-01-24 00:00:00,3.63,3.6,3.63,3.59,19.178,0.00261,80143267,319154168.0,-0.8264462809917302,3.63
SH.600050,中国联通,2022-01-25 00:00:00,3.59,3.45,3.6,3.45,18.454,0.00584,179691369,698021414.0,-4.166666666666664,3.6
SH.600050,中国联通,2022-01-26 00:00:00,3.46,3.44,3.48,3.42,18.405,0.00394,121322323,462206655.0,-0.2898550724637748,3.45
SH.600050,中国联通,2022-01-27 00:00:00,3.43,3.34,3.44,3.33,17.922,0.00487,149728080,560039609.0,-2.9069767441860495,3.44
SH.600050,中国联通,2022-01-28 00:00:00,3.35,3.34,3.37,3.33,17.922,0.00307,94551147,351583462.0,0.0,3.34
SH.600050,中国联通,2022-02-07 00:00:00,3.36,3.39,3.4,3.34,18.164,0.00318,97754546,366157639.0,1.4970059880239601,3.34
SH.600050,中国联通,2022-02-08 00:00:00,3.39,3.55,3.56,3.38,18.937,0.00771,237247498,920905531.0,4.719764011799401,3.39
SH.600050,中国联通,2022-02-09 00:00:00,3.56,3.68,3.71,3.53,19.565,0.00829,254903632,1023063915.0,3.6619718309859253,3.55
SH.600050,中国联通,2022-02-10 00:00:00,3.66,3.64,3.67,3.6,19.371,0.00529,162597697,650805029.0,-1.0869565217391313,3.68
SH.600050,中国联通,2022-02-11 00:00:00,3.63,3.63,3.67,3.61,19.323,0.00384,117993131,473287777.0,-0.2747252747252811,3.64
SH.600050,中国联通,2022-02-14 00:00:00,3.63,3.59,3.64,3.58,19.13,0.00265,81388922,323110160.0,-1.1019283746556485,3.63
SH.600050,中国联通,2022-02-15 00:00:00,3.59,3.56,3.61,3.56,18.985,0.0021,64736719,255825985.0,-0.8356545961002733,3.59
SH.600050,中国联通,2022-02-16 00:00:00,3.59,3.6,3.65,3.58,19.178,0.00299,92007788,366111621.0,1.1235955056179785,3.56
SH.600050,中国联通,2022-02-17 00:00:00,3.59,3.57,3.6,3.55,19.033,0.00249,76691978,302336390.0,-0.8333333333333403,3.6
SH.600050,中国联通,2022-02-18 00:00:00,3.57,3.59,3.59,3.55,19.13,0.00189,58084463,229074729.0,0.5602240896358549,3.57
SH.600050,中国联通,2022-02-21 00:00:00,3.58,3.6,3.61,3.56,19.178,0.0028,85979870,340359526.0,0.27855153203343264,3.59
SH.600050,中国联通,2022-02-22 00:00:00,3.58,3.56,3.6,3.55,18.985,0.00256,78599010,309462982.0,-1.111111111111112,3.6
SH.600050,中国联通,2022-02-23 00:00:00,3.56,3.56,3.58,3.55,18.985,0.00187,57544228,226566734.0,0.0,3.56
SH.600050,中国联通,2022-02-24 00:00:00,3.56,3.5,3.58,3.45,18.695,0.00393,120753318,470553648.0,-1.6853932584269677,3.56
SH.600050,中国联通,2022-02-25 00:00:00,3.51,3.48,3.53,3.47,18.599,0.00233,71809883,277811263.0,-0.571428571428572,3.5
SH.600050,中国联通,2022-02-28 00:00:00,3.47,3.45,3.48,3.43,18.454,0.00232,71378115,272566246.0,-0.8620689655172358,3.48
SH.600050,中国联通,2022-03-01 00:00:00,3.46,3.48,3.48,3.45,18.599,0.00195,59974165,230162760.0,0.8695652173912987,3.45
SH.600050,中国联通,2022-03-02 00:00:00,3.46,3.47,3.48,3.45,18.55,0.00192,58977128,226277183.0,-0.28735632183907434,3.48
SH.600050,中国联通,2022-03-03 00:00:00,3.48,3.49,3.5,3.47,18.647,0.00227,69875224,269365363.0,0.5763688760806921,3.47
SH.600050,中国联通,2022-03-04 00:00:00,3.49,3.47,3.49,3.46,18.55,0.00258,79500164,305626670.0,-0.5730659025787971,3.49
SH.600050,中国联通,2022-03-07 00:00:00,3.46,3.4,3.46,3.4,18.212,0.0028,86128018,327187400.0,-2.0172910662824286,3.47
SH.600050,中国联通,2022-03-08 00:00:00,3.4,3.35,3.43,3.34,17.971,0.00341,104909904,393262176.0,-1.4705882352941124,3.4
SH.600050,中国联通,2022-03-09 00:00:00,3.36,3.3,3.39,3.18,17.729,0.00459,141112917,518195953.0,-1.4925373134328437,3.35
SH.600050,中国联通,2022-03-10 00:00:00,3.35,3.29,3.36,3.28,17.681,0.0031,95231559,350785549.0,-0.30303030303029654,3.3
SH.600050,中国联通,2022-03-11 00:00:00,3.26,3.32,3.33,3.2,17.826,0.00303,93288810,337890114.0,0.9118541033434591,3.29
SH.600050,中国联通,2022-03-14 00:00:00,3.28,3.25,3.31,3.25,17.832,0.00285,87539244,319649565.0,-2.108433734939754,3.32
SH.600050,中国联通,2022-03-15 00:00:00,3.22,3.05,3.23,3.04,16.847,0.00554,170457240,598538379.0,-6.153846153846159,3.25
SH.600050,中国联通,2022-03-16 00:00:00,3.08,3.15,3.17,3.02,17.339,0.00484,148835231,514812789.0,3.2786885245901667,3.05
SH.600050,中国联通,2022-03-17 00:00:00,3.17,3.14,3.19,3.12,17.29,0.0043,132351026,465644695.0,-0.31746031746031067,3.15
SH.600050,中国联通,2022-03-18 00:00:00,3.12,3.22,3.22,3.1,17.684,0.00435,133818672,473525615.0,2.5477707006369448,3.14
SH.600050,中国联通,2022-03-21 00:00:00,3.2,3.16,3.22,3.13,17.389,0.00378,116213643,410045259.0,-1.8633540372670823,3.22
SH.600050,中国联通,2022-03-22 00:00:00,3.13,3.15,3.18,3.12,17.339,0.00266,81842497,287752824.0,-0.31645569620253894,3.16
SH.600050,中国联通,2022-03-23 00:00:00,3.16,3.17,3.19,3.15,17.438,0.0025,76958106,272345334.0,0.6349206349206356,3.15
SH.600050,中国联通,2022-03-24 00:00:00,3.15,3.17,3.24,3.13,17.438,0.00364,111859873,397333084.0,0.0,3.17
SH.600050,中国联通,2022-03-25 00:00:00,3.16,3.14,3.17,3.13,17.29,0.00241,74241121,261448332.0,-0.946372239747628,3.17
SH.600050,中国联通,2022-03-28 00:00:00,3.12,3.17,3.19,3.08,17.438,0.00297,91417525,320356444.0,0.9554140127388472,3.14
SH.600050,中国联通,2022-03-29 00:00:00,3.18,3.16,3.19,3.15,17.389,0.00153,47073531,166471285.0,-0.3154574132492046,3.17
SH.600050,中国联通,2022-03-30 00:00:00,3.17,3.18,3.19,3.15,17.487,0.00229,70549641,249979444.0,0.6329113924050638,3.16
SH.600050,中国联通,2022-03-31 00:00:00,3.17,3.2,3.2,3.16,17.586,0.00187,57622678,205187894.0,0.6289308176100634,3.18
SH.600050,中国联通,2022-04-01 00:00:00,3.18,3.21,3.22,3.17,17.635,0.00188,57669691,205684322.0,0.31249999999999334,3.2
SH.600050,中国联通,2022-04-06 00:00:00,3.2,3.24,3.25,3.19,17.783,0.00294,90385541,324969250.0,0.9345794392523442,3.21
SH.600050,中国联通,2022-04-07 00:00:00,3.23,3.18,3.24,3.18,17.487,0.00214,65968933,236106099.0,-1.8518518518518534,3.24
SH.600050,中国联通,2022-04-08 00:00:00,3.18,3.19,3.19,3.15,17.536,0.00191,58598192,207749057.0,0.3144654088050247,3.18
SH.600050,中国联通,2022-04-11 00:00:00,3.19,3.14,3.2,3.12,17.29,0.00254,78585946,276914429.0,-1.5673981191222515,3.19
SH.600050,中国联通,2022-04-12 00:00:00,3.13,3.17,3.2,3.1,17.438,0.00292,90543645,318572032.0,0.9554140127388472,3.14
SH.600050,中国联通,2022-04-13 00:00:00,3.17,3.16,3.22,3.15,17.389,0.00219,67747527,241111850.0,-0.3154574132492046,3.17
SH.600050,中国联通,2022-04-14 00:00:00,3.17,3.17,3.19,3.16,17.438,0.00169,52201940,185109752.0,0.3164556962025249,3.16
SH.600050,中国联通,2022-04-15 00:00:00,3.16,3.16,3.19,3.15,17.389,0.0017,52568360,186129398.0,-0.3154574132492046,3.17
SH.600050,中国联通,2022-04-18 00:00:00,3.15,3.14,3.16,3.13,17.29,0.00162,50089800,175874030.0,-0.6329113924050638,3.16
SH.600050,中国联通,2022-04-19 00:00:00,3.14,3.17,3.17,3.13,17.438,0.00182,56461857,199133332.0,0.9554140127388472,3.14
SH.600050,中国联通,2022-04-20 00:00:00,3.18,3.18,3.2,3.16,17.487,0.00184,57029275,202392489.0,0.3154574132492186,3.17
SH.600050,中国联通,2022-04-21 00:00:00,3.17,3.11,3.19,3.09,17.142,0.00282,87390773,306993249.0,-2.201257861635229,3.18
SH.600050,中国联通,2022-04-22 00:00:00,3.11,3.15,3.17,3.08,16.448,0.00277,85833635,300346937.0,1.2861736334405156,3.11
SH.600050,中国联通,2022-04-25 00:00:00,3.13,3.06,3.18,3.06,16.028,0.0043,133006079,466665238.0,-2.8571428571428523,3.15
SH.600050,中国联通,2022-04-26 00:00:00,3.07,3.06,3.12,3.06,16.028,0.00326,101062867,349144119.0,0.0,3.06
SH.600050,中国联通,2022-04-27 00:00:00,3.04,3.1,3.12,3.02,16.214,0.00378,117052879,404684860.0,1.3071895424836613,3.06
SH.600050,中国联通,2022-04-28 00:00:00,3.09,3.12,3.13,3.05,16.308,0.00291,90235267,312155201.0,0.6451612903225812,3.1
SH.600050,中国联通,2022-04-29 00:00:00,3.11,3.15,3.18,3.1,16.448,0.0025,77378675,271645843.0,0.9615384615384551,3.12
SH.600050,中国联通,2022-05-05 00:00:00,3.15,3.16,3.18,3.14,16.495,0.00218,67435852,238267521.0,0.31746031746032477,3.15
SH.600050,中国联通,2022-05-06 00:00:00,3.13,3.09,3.14,3.09,16.168,0.00176,54386401,189534007.0,-2.2151898734177307,3.16
SH.600050,中国联通,2022-05-09 00:00:00,3.08,3.11,3.13,3.08,16.261,0.00126,39131070,136129166.0,0.647249190938512,3.09
SH.600050,中国联通,2022-05-10 00:00:00,3.09,3.13,3.14,3.07,16.355,0.00217,67093766,233337439.0,0.6430868167202578,3.11
SH.600050,中国联通,2022-05-11 00:00:00,3.12,3.12,3.16,3.11,16.308,0.00221,68393940,239734484.0,-0.319488817891367,3.13
SH.600050,中国联通,2022-05-12 00:00:00,3.11,3.12,3.13,3.1,16.308,0.00164,50786659,176942021.0,0.0,3.12
SH.600050,中国联通,2022-05-13 00:00:00,3.11,3.14,3.14,3.11,16.401,0.00149,46230472,161697317.0,0.6410256410256416,3.12
SH.600050,中国联通,2022-05-16 00:00:00,3.14,3.12,3.15,3.11,16.308,0.00133,41196821,144040115.0,-0.6369426751592362,3.14
SH.600050,中国联通,2022-05-17 00:00:00,3.11,3.14,3.14,3.11,16.401,0.00138,42828540,149611213.0,0.6410256410256416,3.12
SH.600050,中国联通,2022-05-18 00:00:00,3.14,3.12,3.14,3.11,16.308,0.00165,51132840,178670545.0,-0.6369426751592362,3.14
SH.600050,中国联通,2022-05-19 00:00:00,3.1,3.14,3.14,3.09,16.401,0.00201,62377649,217466302.0,0.6410256410256416,3.12
SH.600050,中国联通,2022-05-20 00:00:00,3.14,3.17,3.17,3.13,16.542,0.00241,74710398,263034421.0,0.9554140127388472,3.14
SH.600050,中国联通,2022-05-23 00:00:00,3.16,3.15,3.17,3.13,16.448,0.0022,68087419,239162651.0,-0.6309148264984233,3.17
SH.600050,中国联通,2022-05-24 00:00:00,3.14,3.1,3.15,3.09,16.214,0.00247,76501792,266482836.0,-1.5873015873015817,3.15
SH.600050,中国联通,2022-05-25 00:00:00,3.09,3.11,3.12,3.08,16.261,0.00192,59575155,206715004.0,0.32258064516128343,3.1
SH.600050,中国联通,2022-05-26 00:00:00,3.11,3.11,3.12,3.08,16.261,0.0022,68045477,236087312.0,0.0,3.11
SH.600050,中国联通,2022-05-27 00:00:00,3.11,3.12,3.13,3.1,16.308,0.00213,65795339,229323326.0,0.32154340836013606,3.11
SH.600050,中国联通,2022-05-30 00:00:00,3.11,3.11,3.13,3.1,16.261,0.00188,58093318,202292118.0,-0.3205128205128279,3.12
SH.600050,中国联通,2022-05-31 00:00:00,3.12,3.11,3.13,3.09,16.261,0.00278,86090908,299773929.0,0.0,3.11
SH.600050,中国联通,2022-06-01 00:00:00,3.11,3.1,3.12,3.09,16.214,0.00237,73395532,254978437.0,-0.32154340836012174,3.11
SH.600050,中国联通,2022-06-02 00:00:00,3.09,3.1,3.11,3.08,16.214,0.00219,67941088,235143562.0,0.0,3.1
SH.600050,中国联通,2022-06-06 00:00:00,3.1,3.1,3.11,3.08,16.214,0.00315,97381786,337366836.0,0.0,3.1
SH.600050,中国联通,2022-06-07 00:00:00,3.1,3.11,3.13,3.09,16.261,0.00322,99737537,346990008.0,0.32258064516128343,3.1
SH.600050,中国联通,2022-06-08 00:00:00,3.11,3.11,3.12,3.09,16.261,0.00296,91652440,318473861.0,0.0,3.11
SH.600050,中国联通,2022-06-09 00:00:00,3.1,3.11,3.12,3.09,16.261,0.00391,121011839,421050816.0,0.0,3.11
SH.600050,中国联通,2022-06-10 00:00:00,3.1,3.13,3.17,3.09,16.355,0.00775,239972062,841667385.0,0.6430868167202578,3.11
SH.600050,中国联通,2022-06-13 00:00:00,3.12,3.09,3.14,3.08,16.168,0.00541,167363481,581537458.0,-1.2779552715654963,3.13
SH.600050,中国联通,2022-06-14 00:00:00,3.08,3.1,3.1,3.04,16.214,0.00452,139929628,480848416.0,0.32362459546926314,3.09
SH.600050,中国联通,2022-06-15 00:00:00,3.09,3.2,3.24,3.08,16.682,0.00948,293475267,1041197631.0,3.2258064516129057,3.1
SH.600050,中国联通,2022-06-16 00:00:00,3.2,3.15,3.22,3.14,16.448,0.00451,139668229,494944811.0,-1.5625000000000084,3.2
SH.600050,中国联通,2022-06-17 00:00:00,3.14,3.16,3.16,3.1,16.495,0.00381,117996399,413503079.0,0.31746031746032477,3.15
SH.600050,中国联通,2022-06-20 00:00:00,3.15,3.12,3.16,3.11,16.308,0.0029,89888935,314410034.0,-1.2658227848101276,3.16
SH.600050,中国联通,2022-06-21 00:00:00,3.12,3.12,3.14,3.11,16.308,0.00204,63276015,221203007.0,0.0,3.12
SH.600050,中国联通,2022-06-22 00:00:00,3.12,3.09,3.13,3.09,16.168,0.00236,73130293,254100883.0,-0.9615384615384694,3.12
SH.600050,中国联通,2022-06-23 00:00:00,3.09,3.11,3.12,3.09,16.261,0.00216,66868390,232207267.0,0.647249190938512,3.09
SH.600050,中国联通,2022-06-24 00:00:00,3.11,3.11,3.12,3.09,16.261,0.0022,68099375,236509715.0,0.0,3.11
SH.600050,中国联通,2022-06-27 00:00:00,3.11,3.11,3.12,3.1,16.261,0.00215,66426252,231216255.0,0.0,3.11
SH.600050,中国联通,2022-06-28 00:00:00,3.11,3.12,3.13,3.1,16.308,0.0024,74281867,258555799.0,0.32154340836013606,3.11
SH.600050,中国联通,2022-06-29 00:00:00,3.1285,3.1185,3.1385,3.1185,16.121,0.00257,79509821,275128692.0,-0.0480769230769249,3.12
SH.600050,中国联通,2022-06-30 00:00:00,3.1285,3.1285,3.1385,3.1185,16.168,0.00264,81760000,282951142.0,0.3206669873336471,3.1185
SH.600050,中国联通,2022-07-01 00:00:00,3.1385,3.1385,3.1385,3.1185,16.214,0.00227,70192887,242835417.0,0.31964200095893336,3.1285
SH.600050,中国联通,2022-07-04 00:00:00,3.1285,3.1285,3.1385,3.1185,16.168,0.00187,57999146,200748984.0,-0.31862354628007744,3.1385
SH.600050,中国联通,2022-07-05 00:00:00,3.1385,3.1085,3.1385,3.0985,16.074,0.00266,82253836,283536132.0,-0.6392840019178526,3.1285
SH.600050,中国联通,2022-07-06 00:00:00,3.1085,3.0985,3.1085,3.0785,16.028,0.0028,86743789,296603497.0,-0.3216985684413636,3.1085
SH.600050,中国联通,2022-07-07 00:00:00,3.0885,3.0885,3.0985,3.0785,15.981,0.00155,47840679,163695771.0,-0.322736808132975,3.0985
SH.600050,中国联通,2022-07-08 00:00:00,3.0885,3.0885,3.1085,3.0885,15.981,0.00147,45445671,155812026.0,0.0,3.0885
SH.600050,中国联通,2022-07-11 00:00:00,3.0985,3.0985,3.1185,3.0885,16.028,0.00227,70336733,241704097.0,0.32378177108629536,3.0885
SH.600050,中国联通,2022-07-12 00:00:00,3.0985,3.1085,3.1185,3.0985,16.074,0.0019,58836139,202463210.0,0.3227368081329607,3.0985
SH.600050,中国联通,2022-07-13 00:00:00,3.1085,3.1085,3.1185,3.0985,16.074,0.00166,51261780,176492501.0,0.0,3.1085
SH.600050,中国联通,2022-07-14 00:00:00,3.1085,3.0885,3.1185,3.0885,15.981,0.00176,54434662,186575150.0,-0.6433971368827415,3.1085
SH.600050,中国联通,2022-07-15 00:00:00,3.0885,3.0485,3.0985,3.0485,15.794,0.00262,81084116,276187132.0,-1.2951270843451383,3.0885
SH.600050,中国联通,2022-07-18 00:00:00,3.0485,3.0785,3.0785,3.0485,15.934,0.00201,62226229,211644532.0,0.9840905363293357,3.0485
SH.600050,中国联通,2022-07-19 00:00:00,3.0785,3.0985,3.1085,3.0685,16.028,0.00209,64664556,221272299.0,0.6496670456391105,3.0785
SH.600050,中国联通,2022-07-20 00:00:00,3.0985,3.1085,3.1185,3.0885,16.074,0.00139,43124931,148209786.0,0.3227368081329607,3.0985
SH.600050,中国联通,2022-07-21 00:00:00,3.1085,3.0885,3.1185,3.0885,15.981,0.00134,41453032,142241596.0,-0.6433971368827415,3.1085
SH.600050,中国联通,2022-07-22 00:00:00,3.0985,3.0985,3.1085,3.0885,16.028,0.00149,46106093,158178659.0,0.32378177108629536,3.0885
SH.600050,中国联通,2022-07-25 00:00:00,3.1085,3.0985,3.1085,3.0885,16.028,0.00113,35089633,120303231.0,0.0,3.0985
SH.600050,中国联通,2022-07-26 00:00:00,3.0985,3.1085,3.1085,3.0785,16.074,0.00146,45222362,155093230.0,0.3227368081329607,3.0985
SH.600050,中国联通,2022-07-27 00:00:00,3.1085,3.0885,3.1085,3.0885,15.981,0.00125,38560166,132316809.0,-0.6433971368827415,3.1085
SH.600050,中国联通,2022-07-28 00:00:00,3.0985,3.0985,3.1085,3.0885,16.028,0.00155,48142424,165275506.0,0.32378177108629536,3.0885
SH.600050,中国联通,2022-07-29 00:00:00,3.1085,3.1085,3.1185,3.0885,16.074,0.00233,72148882,247893278.0,0.3227368081329607,3.0985
SH.600050,中国联通,2022-08-01 00:00:00,3.0985,3.0785,3.1085,3.0785,15.934,0.00197,61039553,208672104.0,-0.965095705324105,3.1085
SH.600050,中国联通,2022-08-02 00:00:00,3.0785,3.0085,3.0885,2.9685,15.607,0.00403,124907770,417191660.0,-2.2738346597368797,3.0785
SH.600050,中国联通,2022-08-03 00:00:00,2.9885,2.9785,3.0185,2.9685,15.467,0.00254,78694921,261722008.0,-0.9971746717633454,3.0085
SH.600050,中国联通,2022-08-04 00:00:00,2.9885,3.0185,3.0185,2.9785,15.581,0.00198,61285518,204171881.0,1.3429578646969964,2.9785
SH.600050,中国联通,2022-08-05 00:00:00,3.0185,3.0585,3.0685,3.0085,15.767,0.00193,59879564,201716641.0,1.3251615040583082,3.0185
SH.600050,中国联通,2022-08-08 00:00:00,3.0585,3.1085,3.1085,3.0485,16.0,0.00224,69442799,237570271.0,1.6347882949158028,3.0585
SH.600050,中国联通,2022-08-09 00:00:00,3.1285,3.1985,3.2185,3.1185,15.482,0.0078,241598736,849194361.0,2.895287115972344,3.1085
SH.600050,中国联通,2022-08-10 00:00:00,3.1985,3.2385,3.2785,3.1885,15.657,0.00538,166536479,593273965.0,1.2505862122870106,3.1985
SH.600050,中国联通,2022-08-11 00:00:00,3.2485,3.2585,3.2785,3.2385,15.745,0.00349,107975078,387666674.0,0.6175698625907061,3.2385
SH.600050,中国联通,2022-08-12 00:00:00,3.2685,3.2585,3.2685,3.2185,15.745,0.00283,87609041,313804073.0,0.0,3.2585
SH.600050,中国联通,2022-08-15 00:00:00,3.2485,3.2185,3.2585,3.2085,15.57,0.00265,82178499,292302641.0,-1.2275586926499933,3.2585
SH.600050,中国联通,2022-08-16 00:00:00,3.2285,3.2085,3.2385,3.1885,15.526,0.00199,61672856,218245666.0,-0.3107037439801221,3.2185
SH.600050,中国联通,2022-08-17 00:00:00,3.2085,3.2285,3.2385,3.1685,15.614,0.00258,79829646,282397555.0,0.6233442418575664,3.2085
SH.600050,中国联通,2022-08-18 00:00:00,3.2185,3.1885,3.2185,3.1785,15.438,0.00224,69226427,244432950.0,-1.2389654638376966,3.2285
SH.600050,中国联通,2022-08-19 00:00:00,3.1885,3.2485,3.2785,3.1785,15.701,0.00396,122736828,439370930.0,1.8817625842872843,3.1885
SH.600050,中国联通,2022-08-22 00:00:00,3.2385,3.2485,3.3085,3.2385,15.701,0.00314,97193963,349978204.0,0.0,3.2485
SH.600050,中国联通,2022-08-23 00:00:00,3.2485,3.2185,3.2485,3.2085,15.57,0.00205,63416589,225654948.0,-0.9235031553024412,3.2485
SH.600050,中国联通,2022-08-24 00:00:00,3.2085,3.1685,3.2385,3.1685,15.35,0.00215,66458500,234633611.0,-1.5535187199005829,3.2185
SH.600050,中国联通,2022-08-25 00:00:00,3.1785,3.1985,3.2085,3.1685,15.482,0.00177,54879573,193036735.0,0.9468202619536136,3.1685
SH.600050,中国联通,2022-08-26 00:00:00,3.2085,3.1985,3.2185,3.1885,15.482,0.00152,46981356,166013751.0,0.0,3.1985
SH.600050,中国联通,2022-08-29 00:00:00,3.1685,3.1885,3.1985,3.1585,15.438,0.00154,47654929,167240518.0,-0.3126465530717596,3.1985
SH.600050,中国联通,2022-08-30 00:00:00,3.1785,3.2485,3.2485,3.1685,15.701,0.00256,79241315,282177657.0,1.8817625842872843,3.1885
SH.600050,中国联通,2022-08-31 00:00:00,3.2385,3.2185,3.2485,3.1985,15.57,0.00251,77645355,275536869.0,-0.9235031553024412,3.2485
SH.600050,中国联通,2022-09-01 00:00:00,3.2085,3.2085,3.2485,3.1985,15.526,0.00223,68978782,245390520.0,-0.3107037439801221,3.2185
SH.600050,中国联通,2022-09-02 00:00:00,3.2085,3.1985,3.2185,3.1885,15.482,0.00179,55317560,195303740.0,-0.3116721209287763,3.2085
SH.600050,中国联通,2022-09-05 00:00:00,3.1985,3.2285,3.2285,3.1785,15.614,0.0018,55856981,197706667.0,0.9379396592152509,3.1985
SH.600050,中国联通,2022-09-06 00:00:00,3.2385,3.2485,3.2685,3.2185,15.701,0.00212,65566341,234862926.0,0.6194827319188483,3.2285
SH.600050,中国联通,2022-09-07 00:00:00,3.2485,3.2185,3.2485,3.2085,15.57,0.00155,48120788,171071666.0,-0.9235031553024412,3.2485
SH.600050,中国联通,2022-09-08 00:00:00,3.2285,3.2485,3.2585,3.2085,15.701,0.00175,54116128,193302108.0,0.9321112319403387,3.2185
SH.600050,中国联通,2022-09-09 00:00:00,3.2385,3.2685,3.3085,3.2285,15.789,0.0033,102146176,368929693.0,0.6156687702016321,3.2485
SH.600050,中国联通,2022-09-13 00:00:00,3.2685,3.2585,3.2885,3.2485,15.745,0.00204,63272122,227879956.0,-0.30595074193054267,3.2685
SH.600050,中国联通,2022-09-14 00:00:00,3.2385,3.2085,3.2385,3.2085,15.526,0.00215,66539917,236381972.0,-1.5344483658124985,3.2585
SH.600050,中国联通,2022-09-15 00:00:00,3.2185,3.2285,3.2785,3.1985,15.614,0.0028,86640952,309458225.0,0.6233442418575664,3.2085
SH.600050,中国联通,2022-09-16 00:00:00,3.2185,3.1485,3.2285,3.1385,15.263,0.00343,106148162,371663059.0,-2.477930927675393,3.2285
SH.600050,中国联通,2022-09-19 00:00:00,3.1385,3.1185,3.1485,3.0885,15.131,0.00235,72910482,251520662.0,-0.9528346831824617,3.1485
SH.600050,中国联通,2022-09-20 00:00:00,3.1185,3.0985,3.1385,3.0985,15.043,0.00149,46031055,158513827.0,-0.6413339746673086,3.1185
SH.600050,中国联通,2022-09-21 00:00:00,3.0985,3.1085,3.1185,3.0485,15.087,0.00191,59126203,201940922.0,0.3227368081329607,3.0985
SH.600050,中国联通,2022-09-22 00:00:00,3.0885,3.0885,3.0985,3.0685,15.0,0.00141,43628376,148969058.0,-0.6433971368827415,3.1085
SH.600050,中国联通,2022-09-23 00:00:00,3.0885,3.1485,3.1685,3.0685,15.263,0.0034,105290602,365755989.0,1.942690626517729,3.0885
SH.600050,中国联通,2022-09-26 00:00:00,3.1385,3.0285,3.1485,3.0185,14.736,0.00335,103593964,353278502.0,-3.811338732729861,3.1485
SH.600050,中国联通,2022-09-27 00:00:00,3.0285,3.0785,3.0785,3.0185,14.956,0.00158,48836844,164993708.0,1.650982334489015,3.0285
SH.600050,中国联通,2022-09-28 00:00:00,3.0685,3.0385,3.0785,3.0385,14.78,0.00167,51569864,174895800.0,-1.299334091278221,3.0785
SH.600050,中国联通,2022-09-29 00:00:00,3.0585,3.0085,3.0785,2.9885,14.649,0.00192,59499898,200045468.0,-0.987329274312977,3.0385
SH.600050,中国联通,2022-09-30 00:00:00,2.9985,3.0185,3.0385,2.9885,14.692,0.00143,44348690,148695350.0,0.33239155725443864,3.0085
SH.600050,中国联通,2022-10-10 00:00:00,3.0285,3.0485,3.0985,3.0185,14.824,0.00291,90013669,306222138.0,0.9938711280437387,3.0185
SH.600050,中国联通,2022-10-11 00:00:00,3.0485,3.0385,3.0785,3.0285,14.78,0.0019,58819101,198875279.0,-0.328030178776455,3.0485
SH.600050,中国联通,2022-10-12 00:00:00,3.0385,3.0885,3.0985,3.0285,15.0,0.00193,59810947,202973859.0,1.645548790521633,3.0385
SH.600050,中国联通,2022-10-13 00:00:00,3.0785,3.0985,3.1085,3.0585,15.043,0.00179,55489779,189395172.0,0.32378177108629536,3.0885
SH.600050,中国联通,2022-10-14 00:00:00,3.0985,3.0985,3.1285,3.0885,15.043,0.00199,61705317,212167347.0,0.0,3.0985
SH.600050,中国联通,2022-10-17 00:00:00,3.0885,3.0985,3.1085,3.0785,15.043,0.00185,57227330,196139650.0,0.0,3.0985
SH.600050,中国联通,2022-10-18 00:00:00,3.1085,3.0885,3.1185,3.0785,15.0,0.00159,49216357,168640394.0,-0.322736808132975,3.0985
SH.600050,中国联通,2022-10-19 00:00:00,3.0885,3.0485,3.0885,3.0485,14.824,0.00159,49213144,166845414.0,-1.2951270843451383,3.0885
SH.600050,中国联通,2022-10-20 00:00:00,3.0485,3.0785,3.0785,3.0385,14.956,0.0018,55785382,189537876.0,0.9840905363293357,3.0485
SH.600050,中国联通,2022-10-21 00:00:00,3.0785,3.1085,3.1185,3.0685,15.087,0.00246,76318202,262199762.0,0.9745005684586586,3.0785
SH.600050,中国联通,2022-10-24 00:00:00,3.1085,3.0285,3.1385,3.0285,14.736,0.00239,73990901,251993188.0,-2.5735885475309517,3.1085
SH.600050,中国联通,2022-10-25 00:00:00,3.0285,3.0085,3.0485,3.0085,14.649,0.00224,69295391,232425737.0,-0.6603929337956089,3.0285
SH.600050,中国联通,2022-10-26 00:00:00,3.0185,3.0185,3.0585,3.0085,14.692,0.00176,54549656,183331534.0,0.33239155725443864,3.0085
SH.600050,中国联通,2022-10-27 00:00:00,3.0285,3.0485,3.0585,3.0185,14.824,0.00174,54000048,182124802.0,0.9938711280437387,3.0185
SH.600050,中国联通,2022-10-28 00:00:00,3.0385,3.0085,3.0485,2.9985,14.649,0.00215,66528496,222962839.0,-1.3121207151057908,3.0485
SH.600050,中国联通,2022-10-31 00:00:00,3.0085,3.0285,3.0685,2.9885,13.941,0.00316,97757701,328402427.0,0.664783114508892,3.0085
SH.600050,中国联通,2022-11-01 00:00:00,3.0285,3.0785,3.0885,3.0185,14.149,0.0031,96016078,325103692.0,1.650982334489015,3.0285
SH.600050,中国联通,2022-11-02 00:00:00,3.0785,3.4185,3.4185,3.0585,15.56,0.00961,297449518,1069516576.0,11.044339775864865,3.0785
SH.600050,中国联通,2022-11-03 00:00:00,3.5285,3.3785,3.6585,3.3185,15.394,0.02722,842792556,3209464847.0,-1.1701038467163971,3.4185
SH.600050,中国联通,2022-11-04 00:00:00,3.3185,3.3185,3.3385,3.2285,15.145,0.01619,501206363,1810003995.0,-1.7759360663016148,3.3785
SH.600050,中国联通,2022-11-07 00:00:00,3.2785,3.2485,3.2885,3.2285,14.854,0.0088,272534962,976497535.0,-2.109386771131531,3.3185
SH.600050,中国联通,2022-11-08 00:00:00,3.2485,3.2085,3.2585,3.1885,14.688,0.00652,201951567,714634528.0,-1.2313375404032643,3.2485
SH.600050,中国联通,2022-11-09 00:00:00,3.2037,3.1837,3.2237,3.1837,14.315,0.00439,135901619,471531780.0,-0.7729468599033795,3.2085
SH.600050,中国联通,2022-11-10 00:00:00,3.1737,3.1937,3.2137,3.1437,14.356,0.00573,177413751,610586148.0,0.3140999466030163,3.1837
SH.600050,中国联通,2022-11-11 00:00:00,3.2237,3.2037,3.2437,3.1837,14.398,0.00646,199884206,694545802.0,0.3131164480070071,3.1937
SH.600050,中国联通,2022-11-14 00:00:00,3.1937,3.1937,3.2237,3.1737,14.356,0.00448,138564723,480182900.0,-0.3121390891781311,3.2037
SH.600050,中国联通,2022-11-15 00:00:00,3.1837,3.2737,3.2937,3.1737,14.688,0.00875,270840100,947576651.0,2.5049315840560986,3.1937
SH.600050,中国联通,2022-11-16 00:00:00,3.2637,3.3237,3.3837,3.2537,14.896,0.00853,264200991,950101318.0,1.5273238231970026,3.2737
SH.600050,中国联通,2022-11-17 00:00:00,3.3137,3.3837,3.3937,3.3137,15.145,0.00723,223768886,812111407.0,1.8052170773535534,3.3237
SH.600050,中国联通,2022-11-18 00:00:00,3.4237,3.5137,3.5837,3.4137,16.085,0.01359,420650098,1586613636.0,3.84194816325324,3.3837
SH.600050,中国联通,2022-11-21 00:00:00,3.5037,3.4437,3.5237,3.4137,15.787,0.00743,230185315,855356345.0,-1.9922019523579089,3.5137
SH.600050,中国联通,2022-11-22 00:00:00,3.4537,3.8137,3.8137,3.4437,17.361,0.01611,498748349,1970701028.0,10.744257629874832,3.4437
SH.600050,中国联通,2022-11-23 00:00:00,3.8837,3.7237,3.9237,3.6937,16.978,0.0285,882296062,3593963619.0,-2.359912945433565,3.8137
SH.600050,中国联通,2022-11-24 00:00:00,3.6237,3.5337,3.6737,3.5337,16.17,0.01684,521374427,2011404116.0,-5.102451862394928,3.7237
SH.600050,中国联通,2022-11-25 00:00:00,3.5537,3.9037,3.9137,3.5537,17.744,0.03341,1034313628,4230630215.0,10.470611540311857,3.5337
SH.600050,中国联通,2022-11-28 00:00:00,3.7937,3.9137,3.9537,3.7437,17.787,0.02433,753194800,3108039043.0,0.25616722596510455,3.9037
SH.600050,中国联通,2022-11-29 00:00:00,3.8837,3.8737,3.9937,3.7937,17.617,0.01815,562026649,2326960037.0,-1.022050744819481,3.9137
SH.600050,中国联通,2022-11-30 00:00:00,3.8637,4.1437,4.2837,3.8637,18.765,0.02924,905326636,3948822929.0,6.970080284998839,3.8737
SH.600050,中国联通,2022-12-01 00:00:00,4.1437,4.4537,4.5837,4.0837,20.085,0.03731,1155082430,5453223212.0,7.481236576006962,4.1437
SH.600050,中国联通,2022-12-02 00:00:00,4.4137,4.4737,4.5237,4.3737,20.17,0.01972,610710671,2878258130.0,0.44906482250711927,4.4537
SH.600050,中国联通,2022-12-05 00:00:00,4.5337,4.9337,4.9437,4.5137,22.127,0.03174,982683262,5003260242.0,10.282316650647115,4.4737
SH.600050,中国联通,2022-12-06 00:00:00,4.8537,4.7037,4.8837,4.6637,21.148,0.03075,952125230,4787697753.0,-4.66181567586192,4.9337
SH.600050,中国联通,2022-12-07 00:00:00,4.7037,4.8237,4.9837,4.6437,21.659,0.03038,940639235,4762706371.0,2.551183111167787,4.7037
SH.600050,中国联通,2022-12-08 00:00:00,4.7437,4.8237,4.8537,4.6137,21.659,0.02163,669576283,3334757713.0,0.0,4.8237
SH.600050,中国联通,2022-12-09 00:00:00,4.7537,4.6837,4.7937,4.6737,21.063,0.01605,496891619,2480031608.0,-2.902336380786527,4.8237
SH.600050,中国联通,2022-12-12 00:00:00,4.6437,4.8137,4.9537,4.6437,21.617,0.0226,699781225,3572216004.0,2.7755834062813562,4.6837
SH.600050,中国联通,2022-12-13 00:00:00,4.7837,4.6737,4.8637,4.6437,21.021,0.01466,453934934,2269150867.0,-2.9083657062135093,4.8137
SH.600050,中国联通,2022-12-14 00:00:00,4.6637,4.5037,4.6937,4.4137,20.297,0.0217,671734379,3211516310.0,-3.637375098957998,4.6737
SH.600050,中国联通,2022-12-15 00:00:00,4.5537,4.5237,4.6737,4.4737,20.382,0.01529,473335816,2286311184.0,0.4440793125652147,4.5037
SH.600050,中国联通,2022-12-16 00:00:00,4.5337,4.5737,4.5737,4.4237,20.595,0.0131,405622568,1938916290.0,1.1052899175453683,4.5237
SH.600050,中国联通,2022-12-19 00:00:00,4.4937,4.2937,4.4937,4.2137,19.404,0.0199,616083899,2831151919.0,-6.12195815204319,4.5737
SH.600050,中国联通,2022-12-20 00:00:00,4.2637,4.2537,4.3537,4.1937,19.234,0.01322,409472203,1851647551.0,-0.9315974567389439,4.2937
SH.600050,中国联通,2022-12-21 00:00:00,4.2237,4.2637,4.2937,4.1937,19.276,0.00895,277071318,1252029961.0,0.23508945153630453,4.2537
SH.600050,中国联通,2022-12-22 00:00:00,4.3037,4.2737,4.4537,4.2237,19.319,0.0136,420981439,1933835181.0,0.23453807725683767,4.2637
SH.600050,中国联通,2022-12-23 00:00:00,4.2137,4.5337,4.5437,4.1937,20.425,0.01841,569901851,2667812683.0,6.083721365561452,4.2737
SH.600050,中国联通,2022-12-26 00:00:00,4.4737,4.5137,4.5437,4.4237,20.34,0.01028,318148077,1508373748.0,-0.4411407900831456,4.5337
SH.600050,中国联通,2022-12-27 00:00:00,4.5437,4.5437,4.6737,4.4537,20.468,0.01016,314695289,1515928741.0,0.6646431973768804,4.5137
SH.600050,中国联通,2022-12-28 00:00:00,4.4937,4.3337,4.5437,4.2937,19.574,0.01558,482424192,2248771397.0,-4.621784008627329,4.5437
SH.600050,中国联通,2022-12-29 00:00:00,4.2937,4.2437,4.3037,4.1937,19.191,0.01055,326669069,1473185474.0,-2.076747352147143,4.3337
SH.600050,中国联通,2022-12-30 00:00:00,4.2937,4.2137,4.2937,4.2037,19.063,0.00693,214550863,967633627.0,-0.7069302731107139,4.2437
SH.600050,中国联通,2023-01-03 00:00:00,4.2137,4.6637,4.6637,4.2137,20.978,0.02258,699118511,3343360144.0,10.679450364287922,4.2137
SH.600050,中国联通,2023-01-04 00:00:00,4.7237,4.7537,4.7837,4.6237,21.361,0.02025,627081120,3116288396.0,1.929798228874067,4.6637
SH.600050,中国联通,2023-01-05 00:00:00,4.7237,4.8037,4.9537,4.7237,21.574,0.01892,585858123,2998796956.0,1.0518122725455923,4.7537
SH.600050,中国联通,2023-01-06 00:00:00,4.7937,4.7237,4.8037,4.6737,21.234,0.01012,313203407,1562800315.0,-1.6653829339883857,4.8037
SH.600050,中国联通,2023-01-09 00:00:00,4.7137,4.7137,4.7437,4.6137,21.191,0.01049,324694295,1608309963.0,-0.211698456718246,4.7237
SH.600050,中国联通,2023-01-10 00:00:00,4.6837,4.7137,4.7537,4.6337,21.191,0.00831,257194766,1277203449.0,0.0,4.7137
SH.600050,中国联通,2023-01-11 00:00:00,4.7037,4.6937,4.8537,4.6637,21.106,0.0101,312740144,1572092043.0,-0.4242951396991846,4.7137
SH.600050,中国联通,2023-01-12 00:00:00,4.6737,4.8437,4.8737,4.6537,21.744,0.0125,387040580,1951987042.0,3.1957730575026178,4.6937
SH.600050,中国联通,2023-01-13 00:00:00,4.8037,4.7937,4.8737,4.7237,21.531,0.01043,322792638,1631185353.0,-1.032268720193237,4.8437
SH.600050,中国联通,2023-01-16 00:00:00,4.7937,4.7537,4.8337,4.7137,21.361,0.00951,294448975,1483388195.0,-0.8344285207668405,4.7937
SH.600050,中国联通,2023-01-17 00:00:00,4.7237,4.6837,4.7737,4.6737,21.063,0.00677,209494695,1043011730.0,-1.4725371815638404,4.7537
SH.600050,中国联通,2023-01-18 00:00:00,4.6837,4.8037,4.8537,4.6437,21.574,0.01096,339236568,1713260397.0,2.5620769904135643,4.6837
SH.600050,中国联通,2023-01-19 00:00:00,4.7737,4.9037,4.9137,4.7537,22.0,0.01397,432430619,2205098045.0,2.0817286674854727,4.8037
SH.600050,中国联通,2023-01-20 00:00:00,4.9237,5.2637,5.3537,4.9037,23.531,0.02413,747013221,4101536946.0,7.341395272957161,4.9037
SH.600050,中国联通,2023-01-30 00:00:00,5.2737,5.0637,5.3337,5.0237,22.68,0.01862,576652462,3109202012.0,-3.7996086403100517,5.2637
SH.600050,中国联通,2023-01-31 00:00:00,5.0337,4.9637,5.0837,4.9237,22.255,0.01049,324864858,1707194206.0,-1.974840531627064,5.0637
SH.600050,中国联通,2023-02-01 00:00:00,4.9737,5.0137,5.0337,4.9337,22.468,0.00983,304455682,1598227999.0,1.0073130930555798,4.9637
SH.600050,中国联通,2023-02-02 00:00:00,4.9837,4.9337,5.1037,4.9237,22.127,0.01093,338303017,1782848094.0,-1.5956279793366188,5.0137
SH.600050,中国联通,2023-02-03 00:00:00,4.9137,4.9737,5.0237,4.8337,22.297,0.00978,302822442,1572753649.0,0.8107505523238144,4.9337
SH.600050,中国联通,2023-02-06 00:00:00,4.9137,4.7637,4.9337,4.7437,21.404,0.01384,428552536,2178078411.0,-4.222208818384702,4.9737
SH.600050,中国联通,2023-02-07 00:00:00,4.7737,4.7537,4.8037,4.7337,21.361,0.00636,196935117,990387127.0,-0.20992085983583741,4.7637
SH.600050,中国联通,2023-02-08 00:00:00,4.7537,4.5837,4.7637,4.5637,20.638,0.01283,397361458,1944737687.0,-3.576161726655025,4.7537
SH.600050,中国联通,2023-02-09 00:00:00,4.5637,4.6737,4.7137,4.5437,21.021,0.0114,352908246,1731117311.0,1.963479285293537,4.5837
SH.600050,中国联通,2023-02-10 00:00:00,4.6537,4.7137,4.7637,4.6237,21.191,0.00891,276007189,1368138228.0,0.8558529644607065,4.6737
SH.600050,中国联通,2023-02-13 00:00:00,4.6837,4.7737,4.8137,4.6837,21.446,0.0093,287935352,1445830124.0,1.2728854190975158,4.7137
SH.600050,中国联通,2023-02-14 00:00:00,4.7737,4.6937,4.8237,4.6537,21.106,0.00784,242703051,1209982040.0,-1.6758489222196633,4.7737
SH.600050,中国联通,2023-02-15 00:00:00,4.7237,4.7837,4.9237,4.7037,21.489,0.01519,470439051,2392076900.0,1.917463834501563,4.6937
SH.600050,中国联通,2023-02-16 00:00:00,4.7437,4.9437,5.2237,4.7437,22.17,0.02603,806053399,4257679546.0,3.3446913477015734,4.7837
SH.600050,中国联通,2023-02-17 00:00:00,4.9337,4.6537,4.9937,4.6537,20.936,0.0152,470581666,2378562707.0,-5.866051742621924,4.9437
SH.600050,中国联通,2023-02-20 00:00:00,4.6737,5.0237,5.0837,4.6537,22.51,0.02216,686227808,3584964466.0,7.950662913380753,4.6537
SH.600050,中国联通,2023-02-21 00:00:00,5.0137,5.2037,5.2037,4.9637,23.276,0.02056,636505547,3411466647.0,3.5830165017815676,5.0237
SH.600050,中国联通,2023-02-22 00:00:00,5.1337,5.0437,5.1537,4.9937,22.595,0.01476,456996332,2431655600.0,-3.0747352845091016,5.2037
SH.600050,中国联通,2023-02-23 00:00:00,5.0337,4.9237,5.0437,4.8837,22.085,0.01087,336449424,1756988735.0,-2.3792057418165253,5.0437
SH.600050,中国联通,2023-02-24 00:00:00,4.9037,4.8937,4.9537,4.8337,21.957,0.00929,287705138,1483277142.0,-0.6092978857363416,4.9237
SH.600050,中国联通,2023-02-27 00:00:00,4.8637,4.8237,4.9137,4.7637,21.659,0.0073,225995670,1154791672.0,-1.4304105278214905,4.8937
SH.600050,中国联通,2023-02-28 00:00:00,4.9437,5.0137,5.1637,4.9037,22.468,0.01789,553934294,2922657999.0,3.938885088210303,4.8237
SH.600050,中国联通,2023-03-01 00:00:00,4.9837,5.5437,5.5437,4.9737,24.723,0.03818,1182212393,6762183322.0,10.571035363105096,5.0137
SH.600050,中国联通,2023-03-02 00:00:00,5.5937,5.6837,5.7237,5.5137,25.319,0.03523,1090787544,6423958227.0,2.525389180511205,5.5437
SH.600050,中国联通,2023-03-03 00:00:00,5.6037,5.8037,5.9737,5.5137,25.829,0.03142,972772565,5875970758.0,2.1113007371958425,5.6837
SH.600050,中国联通,2023-03-06 00:00:00,5.8337,5.7837,6.0237,5.6937,25.744,0.02448,758007850,4630382885.0,-0.3446077502283106,5.8037
SH.600050,中国联通,2023-03-07 00:00:00,5.7337,5.6137,5.8937,5.5637,25.021,0.02234,691613096,4147973846.0,-2.939294915019796,5.7837
SH.600050,中国联通,2023-03-08 00:00:00,5.5437,5.8037,5.8137,5.5437,25.829,0.01833,567645085,3367935051.0,3.3845770169407055,5.6137
SH.600050,中国联通,2023-03-09 00:00:00,5.6437,5.7337,5.9337,5.5037,26.086,0.03103,960780512,5713306500.0,-1.206127125799064,5.8037
SH.600050,中国联通,2023-03-10 00:00:00,5.6637,5.4737,5.8237,5.4537,24.956,0.02736,847069532,4974801151.0,-4.534593717843623,5.7337
SH.600050,中国联通,2023-03-13 00:00:00,5.4337,5.7837,5.8837,5.4337,26.304,0.03156,977258800,5815878733.0,5.663445201600373,5.4737
SH.600050,中国联通,2023-03-14 00:00:00,5.7737,5.9137,6.1837,5.7237,26.869,0.0367,1136247237,7013810247.0,2.247696111485741,5.7837
SH.600050,中国联通,2023-03-15 00:00:00,5.9337,5.7337,6.0037,5.6637,26.086,0.02369,733374960,4414789672.0,-3.0437796979894247,5.9137
SH.600050,中国联通,2023-03-16 00:00:00,5.6737,5.5937,5.7737,5.5637,25.478,0.01713,530308556,3135517613.0,-2.441704309608101,5.7337
SH.600050,中国联通,2023-03-17 00:00:00,5.6037,5.8837,5.8837,5.5537,26.739,0.02703,836920761,5062314621.0,5.184403882939737,5.5937
SH.600050,中国联通,2023-03-20 00:00:00,5.8537,5.2937,5.8937,5.2737,24.173,0.0348,1077584235,6310560047.0,-10.027703655862805,5.8837
SH.600050,中国联通,2023-03-21 00:00:00,5.2837,5.3137,5.4137,5.1937,24.26,0.01901,588664253,3270864468.0,0.37780758259817465,5.2937
SH.600050,中国联通,2023-03-22 00:00:00,5.2837,5.4037,5.4337,5.2037,24.652,0.01326,410408398,2307093237.0,1.6937350621977125,5.3137
SH.600050,中国联通,2023-03-23 00:00:00,5.3537,5.5037,5.5137,5.2837,25.086,0.0166,513901320,2916497994.0,1.8505838592075898,5.4037
SH.600050,中国联通,2023-03-24 00:00:00,5.4337,5.2337,5.4537,5.1537,23.913,0.02353,728502267,4019088657.0,-4.905790649926421,5.5037
SH.600050,中国联通,2023-03-27 00:00:00,5.2137,5.1337,5.2537,5.0037,23.478,0.01706,528344333,2842841298.0,-1.9106941551865726,5.2337
SH.600050,中国联通,2023-03-28 00:00:00,5.1337,5.2637,5.3337,5.1337,24.043,0.01746,540706234,2978198397.0,2.532286654849327,5.1337
SH.600050,中国联通,2023-03-29 00:00:00,5.2437,5.1937,5.2437,5.0337,23.739,0.01543,477903166,2579099224.0,-1.329863024108522,5.2637
SH.600050,中国联通,2023-03-30 00:00:00,5.1437,5.0237,5.2437,4.9437,23.0,0.0165,510787873,2717174220.0,-3.273196372528254,5.1937
SH.600050,中国联通,2023-03-31 00:00:00,5.0237,5.1537,5.1937,5.0037,23.565,0.01346,416861170,2240375782.0,2.587734140175566,5.0237
SH.600050,中国联通,2023-04-03 00:00:00,5.1137,5.2937,5.3337,5.0437,24.173,0.01955,605166323,3307628769.0,2.7164949453790594,5.1537
SH.600050,中国联通,2023-04-04 00:00:00,5.2837,5.4337,5.5737,5.2537,24.782,0.02392,740541483,4215523774.0,2.644653078187273,5.2937
SH.600050,中国联通,2023-04-06 00:00:00,5.3637,5.3037,5.3637,5.2337,24.217,0.01365,422789347,2349674759.0,-2.392476581335,5.4337
SH.600050,中国联通,2023-04-07 00:00:00,5.2637,5.2937,5.4037,5.2637,24.173,0.0097,300326801,1674923916.0,-0.18854761770084633,5.3037
SH.600050,中国联通,2023-04-10 00:00:00,5.3037,5.2837,5.4337,5.2237,24.13,0.01224,378851514,2118888442.0,-0.18890379129910412,5.2937
SH.600050,中国联通,2023-04-11 00:00:00,5.2637,5.2437,5.2837,5.1237,23.956,0.0109,337391149,1845105374.0,-0.7570452523799618,5.2837
SH.600050,中国联通,2023-04-12 00:00:00,5.2237,5.6637,5.6837,5.2037,25.782,0.02715,840753014,4864192269.0,8.009611533840625,5.2437
SH.600050,中国联通,2023-04-13 00:00:00,5.5937,5.4837,5.6437,5.4037,25.0,0.01494,462537631,2682483311.0,-3.1781344350866143,5.6637
SH.600050,中国联通,2023-04-14 00:00:00,5.4837,5.5337,5.6637,5.4437,25.217,0.01206,373591679,2168287280.0,0.9117931323741237,5.4837
SH.600050,中国联通,2023-04-17 00:00:00,5.4837,5.6137,5.6737,5.4137,25.565,0.01365,422561879,2469774117.0,1.4456873339718466,5.5337
SH.600050,中国联通,2023-04-18 00:00:00,5.5837,5.8037,5.8637,5.4837,26.391,0.01892,585812179,3484942332.0,3.3845770169407055,5.6137
SH.600050,中国联通,2023-04-19 00:00:00,5.6837,5.4637,5.7137,5.4337,24.177,0.02887,893927894,5186426251.0,-5.858331753881142,5.8037
SH.600050,中国联通,2023-04-20 00:00:00,5.4337,5.4537,5.5037,5.3337,24.135,0.01513,468359955,2667326315.0,-0.1830261544374652,5.4637
SH.600050,中国联通,2023-04-21 00:00:00,5.4437,5.2437,5.4937,5.2337,23.248,0.01606,497448063,2788049337.0,-3.8505968425106043,5.4537
SH.600050,中国联通,2023-04-24 00:00:00,5.2437,5.2137,5.3137,5.1637,23.122,0.01036,320766062,1767546807.0,-0.5721151095600313,5.2437
SH.600050,中国联通,2023-04-25 00:00:00,5.2137,5.2037,5.2537,5.0737,23.08,0.01186,367389816,1995456625.0,-0.19180236684120272,5.2137
SH.600050,中国联通,2023-04-26 00:00:00,5.1637,5.0537,5.1937,5.0037,22.447,0.0099,306624378,1639370070.0,-2.882564329227287,5.2037
SH.600050,中国联通,2023-04-27 00:00:00,5.0337,5.0837,5.1237,4.9937,22.573,0.00822,254473816,1359918442.0,0.593624473158285,5.0537
SH.600050,中国联通,2023-04-28 00:00:00,5.0837,5.1737,5.1837,5.0637,22.953,0.00852,263770967,1423296340.0,1.770364104884235,5.0837
SH.600050,中国联通,2023-05-04 00:00:00,5.1337,5.1737,5.2237,5.0637,22.953,0.00981,303620087,1642261111.0,0.0,5.1737
SH.600050,中国联通,2023-05-05 00:00:00,5.2837,5.2237,5.4037,5.1637,23.164,0.01291,399867796,2217336940.0,0.9664263486479662,5.1737
SH.600050,中国联通,2023-05-08 00:00:00,5.2137,5.3937,5.4637,5.1737,23.881,0.01673,517943838,2903984828.0,3.254398223481439,5.2237
SH.600050,中国联通,2023-05-09 00:00:00,5.3737,5.2137,5.3937,5.2037,23.122,0.01307,404691903,2250024488.0,-3.3372267645586464,5.3937
SH.600050,中国联通,2023-05-10 00:00:00,5.1837,5.1937,5.2837,5.1137,23.037,0.00817,252912467,1379015579.0,-0.3836047336824225,5.2137
SH.600050,中国联通,2023-05-11 00:00:00,5.2037,5.0837,5.2137,5.0437,22.573,0.00768,237672690,1274513292.0,-2.1179505939888603,5.1937
SH.600050,中国联通,2023-05-12 00:00:00,5.0737,4.9937,5.1537,4.9637,22.194,0.00701,216982466,1152084162.0,-1.7703641048842522,5.0837
SH.600050,中国联通,2023-05-15 00:00:00,4.9837,4.8937,4.9937,4.7337,21.772,0.01186,367265224,1872989256.0,-2.0025231792057925,4.9937
SH.600050,中国联通,2023-05-16 00:00:00,4.8937,4.8337,4.9537,4.8037,21.518,0.00595,184163794,946385674.0,-1.2260661667041217,4.8937
SH.600050,中国联通,2023-05-17 00:00:00,4.7837,4.7237,4.8037,4.6737,21.054,0.00918,284380357,1417245243.0,-2.2756894304570063,4.8337
SH.600050,中国联通,2023-05-18 00:00:00,4.7237,4.7637,4.8337,4.7137,21.223,0.00653,202285223,1019511437.0,0.8467938268730029,4.7237
SH.600050,中国联通,2023-05-19 00:00:00,4.7637,4.7237,4.7937,4.6937,21.054,0.00534,165404589,828375814.0,-0.8396834393433682,4.7637
SH.600050,中国联通,2023-05-22 00:00:00,4.7337,4.7137,4.7637,4.7037,21.012,0.00436,135069481,675027072.0,-0.211698456718246,4.7237
SH.600050,中国联通,2023-05-23 00:00:00,4.7337,4.5837,4.7337,4.5637,20.464,0.00828,256455753,1251669197.0,-2.7579184080446333,4.7137
SH.600050,中国联通,2023-05-24 00:00:00,4.5737,4.5037,4.5837,4.4837,20.126,0.00702,217440427,1042259485.0,-1.745314920260926,4.5837
SH.600050,中国联通,2023-05-25 00:00:00,4.4937,4.4937,4.5537,4.3837,20.084,0.01004,310796091,1465068068.0,-0.22203965628262703,4.5037
SH.600050,中国联通,2023-05-26 00:00:00,4.4737,4.5037,4.5437,4.4437,20.126,0.00682,211221631,1007332205.0,0.2225337694995366,4.4937
SH.600050,中国联通,2023-05-29 00:00:00,4.5337,4.5437,4.6137,4.5137,20.295,0.00743,230222740,1111380979.0,0.888158625130449,4.5037
SH.600050,中国联通,2023-05-30 00:00:00,4.5237,4.6437,4.6437,4.5037,20.717,0.00837,259093445,1260597682.0,2.2008495279177684,4.5437
SH.600050,中国联通,2023-05-31 00:00:00,4.6237,4.6537,4.7037,4.5937,20.759,0.00613,189777349,934049932.0,0.21534552188986772,4.6437
SH.600050,中国联通,2023-06-01 00:00:00,4.6337,4.7537,4.7837,4.6137,21.181,0.00821,254080370,1268273041.0,2.1488278144272415,4.6537
SH.600050,中国联通,2023-06-02 00:00:00,4.7637,4.7837,4.8537,4.7437,21.308,0.00591,183068329,924568118.0,0.6310873635273442,4.7537
SH.600050,中国联通,2023-06-05 00:00:00,4.7737,4.7937,4.8537,4.7637,21.35,0.00532,164740273,835935262.0,0.20904320923136227,4.7837
SH.600050,中国联通,2023-06-06 00:00:00,4.7837,4.7737,4.8737,4.7537,21.265,0.00662,204986020,1043667733.0,-0.4172142603834295,4.7937
SH.600050,中国联通,2023-06-07 00:00:00,4.7837,4.8437,4.8537,4.7437,21.561,0.00623,193012355,981648204.0,1.4663678069422101,4.7737
SH.600050,中国联通,2023-06-08 00:00:00,4.8337,4.9137,4.9337,4.7737,21.856,0.00774,239675101,1234602708.0,1.4451762082705428,4.8437
SH.600050,中国联通,2023-06-09 00:00:00,4.9037,5.0437,5.0437,4.8737,22.405,0.01306,404531283,2113206839.0,2.6456641634613405,4.9137
SH.600050,中国联通,2023-06-12 00:00:00,4.9537,4.9537,5.0037,4.8837,22.025,0.00979,303038690,1580350506.0,-1.7844043063623898,5.0437
SH.600050,中国联通,2023-06-13 00:00:00,4.9137,4.9037,4.9537,4.8337,21.814,0.00693,214726729,1107370179.0,-1.009346549044163,4.9537
SH.600050,中国联通,2023-06-14 00:00:00,4.8937,4.8337,4.9237,4.8137,21.518,0.00602,186419366,955057390.0,-1.4274935252972123,4.9037
SH.600050,中国联通,2023-06-15 00:00:00,4.8637,4.8037,4.8937,4.7837,21.392,0.00478,148092316,754758930.0,-0.6206425719428232,4.8337
SH.600050,中国联通,2023-06-16 00:00:00,4.8137,4.8037,4.8537,4.7837,21.392,0.00466,144266861,734079799.0,0.0,4.8037
SH.600050,中国联通,2023-06-19 00:00:00,4.8037,4.9337,4.9737,4.7637,21.94,0.00815,252357520,1299525117.0,2.706247267731122,4.8037
SH.600050,中国联通,2023-06-20 00:00:00,4.9137,4.7837,4.9237,4.7737,21.308,0.00742,229681472,1171240086.0,-3.0403145712143087,4.9337
SH.600050,中国联通,2023-06-21 00:00:00,4.7737,4.5637,4.7837,4.5637,20.379,0.00866,268172905,1313261535.0,-4.598950603089653,4.7837
SH.600050,中国联通,2023-06-26 00:00:00,4.5337,4.4837,4.5837,4.4637,20.042,0.00659,204074375,975687512.0,-1.7529636040931718,4.5637
SH.600050,中国联通,2023-06-27 00:00:00,4.4937,4.6637,4.7037,4.4737,20.801,0.00716,221635790,1083916704.0,4.014541561656681,4.4837
SH.600050,中国联通,2023-06-28 00:00:00,4.6537,4.5637,4.6537,4.4937,20.379,0.00617,191071441,921115352.0,-2.1442202543045337,4.6637
SH.600050,中国联通,2023-06-29 00:00:00,4.5337,4.5637,4.5937,4.4937,20.379,0.00586,181563612,874490132.0,0.0,4.5637
SH.600050,中国联通,2023-06-30 00:00:00,4.5437,4.5337,4.6037,4.4937,20.253,0.00664,205738532,988274467.0,-0.6573613515349442,4.5637
SH.600050,中国联通,2023-07-03 00:00:00,4.5337,4.6437,4.7037,4.5037,20.717,0.00773,239232778,1163814644.0,2.42627434545736,4.5337
SH.600050,中国联通,2023-07-04 00:00:00,4.6237,4.6337,4.6637,4.6037,20.675,0.00398,123392832,604039152.0,-0.21534552188986772,4.6437
SH.600050,中国联通,2023-07-05 00:00:00,4.6337,4.5637,4.7137,4.5537,20.379,0.00509,157467172,767215499.0,-1.5106718173382023,4.6337
SH.600050,中国联通,2023-07-06 00:00:00,4.5537,4.5437,4.6037,4.5237,20.295,0.00395,122304132,588999348.0,-0.4382409010232831,4.5637
SH.600050,中国联通,2023-07-07 00:00:00,4.5357,4.4657,4.5357,4.4457,19.789,0.00541,167469942,788068098.0,-1.716662631775872,4.5437
SH.600050,中国联通,2023-07-10 00:00:00,4.4757,4.4557,4.4957,4.4257,19.746,0.00333,103228624,483757370.0,-0.2239290592740172,4.4657
SH.600050,中国联通,2023-07-11 00:00:00,4.4657,4.4957,4.5157,4.4557,19.915,0.00355,109798736,516981323.0,0.8977265076194545,4.4557
SH.600050,中国联通,2023-07-12 00:00:00,4.4957,4.3557,4.5257,4.3557,19.324,0.00571,176902705,822462260.0,-3.114086794047658,4.4957
SH.600050,中国联通,2023-07-13 00:00:00,4.3857,4.4257,4.4357,4.3757,19.62,0.0056,173253207,802472315.0,1.607089560805388,4.3557
SH.600050,中国联通,2023-07-14 00:00:00,4.4357,4.8957,4.8957,4.4357,21.603,0.02466,763756745,3804470525.0,10.619788959938536,4.4257
SH.600050,中国联通,2023-07-17 00:00:00,5.0257,5.0557,5.1057,4.9557,22.278,0.02522,780878453,4107290516.0,3.268174111975818,4.8957
SH.600050,中国联通,2023-07-18 00:00:00,4.9457,5.0457,5.1257,4.9357,22.236,0.01525,472292694,2485001983.0,-0.19779654647229436,5.0557
SH.600050,中国联通,2023-07-19 00:00:00,5.0257,5.0057,5.0657,4.9657,22.067,0.0097,300521336,1570663880.0,-0.79275422637097,5.0457
SH.600050,中国联通,2023-07-20 00:00:00,5.0157,4.8957,5.0457,4.8657,21.603,0.01045,323465596,1670966852.0,-2.197494855864321,5.0057
SH.600050,中国联通,2023-07-21 00:00:00,4.8857,4.9157,4.9557,4.8457,21.687,0.00704,217906984,1116385857.0,0.40852176399698636,4.8957
SH.600050,中国联通,2023-07-24 00:00:00,4.8657,4.9557,5.0757,4.8357,21.856,0.00856,265128771,1378608734.0,0.8137193075248701,4.9157
SH.600050,中国联通,2023-07-25 00:00:00,5.0557,5.0057,5.1057,4.9357,22.067,0.00969,300202354,1565802506.0,1.0089392013237246,4.9557
SH.600050,中国联通,2023-07-26 00:00:00,5.0057,4.9157,5.0057,4.8857,21.687,0.00594,184010337,948882793.0,-1.7979503366162546,5.0057
SH.600050,中国联通,2023-07-27 00:00:00,4.8857,4.8557,4.9357,4.8357,21.434,0.00633,196048286,1000682138.0,-1.2205789612873141,4.9157
SH.600050,中国联通,2023-07-28 00:00:00,4.8357,5.0757,5.1057,4.8257,22.362,0.0142,439807179,2301045026.0,4.530757666247928,4.8557
SH.600050,中国联通,2023-07-31 00:00:00,5.1157,4.9357,5.1157,4.9057,21.772,0.01491,461814215,2403054580.0,-2.7582402427251527,5.0757
SH.600050,中国联通,2023-08-01 00:00:00,4.9257,4.9157,4.9557,4.8557,21.687,0.00884,273793435,1403045969.0,-0.405211013635342,4.9357
SH.600050,中国联通,2023-08-02 00:00:00,4.9057,4.8757,4.9157,4.8457,21.518,0.00499,154414814,787393089.0,-0.8137193075248701,4.9157
SH.600050,中国联通,2023-08-03 00:00:00,4.8557,4.8757,4.8957,4.8357,21.518,0.00499,154569005,786438980.0,0.0,4.8757
SH.600050,中国联通,2023-08-04 00:00:00,4.8857,5.2557,5.3857,4.8757,23.122,0.03132,969765885,5285652418.0,7.793752691921157,4.8757
SH.600050,中国联通,2023-08-07 00:00:00,5.1357,5.0757,5.1957,5.0457,22.362,0.01673,518124678,2755892538.0,-3.4248530167246938,5.2557
SH.600050,中国联通,2023-08-08 00:00:00,5.0957,5.0557,5.1557,5.0357,22.278,0.00986,305264278,1618783918.0,-0.39403432038931496,5.0757
SH.600050,中国联通,2023-08-09 00:00:00,5.0557,5.0157,5.0757,4.9857,22.109,0.00747,231347234,1213314041.0,-0.7911861858891952,5.0557
SH.600050,中国联通,2023-08-10 00:00:00,5.0357,5.0957,5.1257,4.9957,21.28,0.01141,353366971,1872254614.0,1.5949917259804232,5.0157
SH.600050,中国联通,2023-08-11 00:00:00,5.0657,5.0357,5.3257,5.0257,21.04,0.01911,591613430,3199093262.0,-1.1774633514531783,5.0957
SH.600050,中国联通,2023-08-14 00:00:00,4.9357,5.1757,5.2357,4.8957,21.6,0.01638,507181270,2713630337.0,2.780149730921216,5.0357
SH.600050,中国联通,2023-08-15 00:00:00,5.1557,5.0957,5.1957,5.0457,21.28,0.00907,280928747,1496823940.0,-1.5456846416909804,5.1757
SH.600050,中国联通,2023-08-16 00:00:00,5.0757,4.9557,5.0857,4.8657,20.72,0.01034,320284684,1662962519.0,-2.7474144867240944,5.0957
SH.600050,中国联通,2023-08-17 00:00:00,4.9257,4.9757,4.9957,4.8557,20.8,0.00789,244319276,1261355145.0,0.4035756805294827,4.9557
SH.600050,中国联通,2023-08-18 00:00:00,4.9557,4.8357,4.9957,4.8257,20.24,0.00841,260377447,1330701240.0,-2.813674457865219,4.9757
SH.600050,中国联通,2023-08-21 00:00:00,4.8357,4.8857,4.9957,4.8157,20.44,0.00898,278051004,1432026447.0,1.0339764666956142,4.8357
SH.600050,中国联通,2023-08-22 00:00:00,4.9957,5.2757,5.3357,4.9757,22.0,0.02805,868489744,4705895479.0,7.982479480934149,4.8857
SH.600050,中国联通,2023-08-23 00:00:00,5.2257,5.1957,5.3257,5.1757,21.68,0.01506,466480345,2551788443.44,-1.5163864510870442,5.2757
SH.600050,中国联通,2023-08-24 00:00:00,5.2357,5.0357,5.2557,5.0157,21.04,0.01498,463722469,2469411202.0,-3.079469561368057,5.1957
SH.600050,中国联通,2023-08-25 00:00:00,4.9457,4.8957,4.9757,4.8757,20.48,0.01259,389893592,2005485631.0,-2.780149730921234,5.0357
SH.600050,中国联通,2023-08-28 00:00:00,5.1557,5.0057,5.2257,4.9757,20.92,0.01448,448322006,2376859990.0,2.2468697019833797,4.8957
SH.600050,中国联通,2023-08-29 00:00:00,4.9857,5.0957,5.2057,4.9657,21.28,0.01196,370383764,1972445213.0,1.7979503366162546,5.0057
SH.600050,中国联通,2023-08-30 00:00:00,5.0857,5.0257,5.1257,4.9357,21.0,0.01172,362824242,1900488470.0,-1.3737072433620559,5.0957
SH.600050,中国联通,2023-08-31 00:00:00,4.9957,4.9857,5.0457,4.9257,20.84,0.00749,231916390,1208027441.0,-0.7959090275981464,5.0257
SH.600050,中国联通,2023-09-01 00:00:00,4.9857,4.9757,5.0157,4.9357,20.8,0.00527,163288311,847432846.0,-0.20057364061214647,4.9857
SH.600050,中国联通,2023-09-04 00:00:00,5.0057,5.0857,5.1657,4.9557,21.24,0.0104,322186172,1706570328.0,2.210744216894112,4.9757
SH.600050,中国联通,2023-09-05 00:00:00,5.0557,4.9657,5.0657,4.9557,20.76,0.00731,226291466,1179026223.0,-2.359557189767389,5.0857
SH.600050,中国联通,2023-09-06 00:00:00,4.9557,4.9557,4.9657,4.8957,20.72,0.0063,195139584,1005435235.0,-0.20138147693174752,4.9657
SH.600050,中国联通,2023-09-07 00:00:00,4.9057,4.9157,4.9657,4.8957,20.56,0.00573,177520491,914267710.0,-0.8071513610589833,4.9557
SH.600050,中国联通,2023-09-08 00:00:00,4.9057,4.9557,4.9757,4.8957,20.72,0.00561,173750581,897935830.0,0.8137193075248701,4.9157
SH.600050,中国联通,2023-09-11 00:00:00,4.9657,4.9557,5.0057,4.9257,20.72,0.00581,179996819,933102529.0,0.0,4.9557
SH.600050,中国联通,2023-09-12 00:00:00,4.9457,4.9757,5.0057,4.9257,20.8,0.00584,180981485,938181712.0,0.4035756805294827,4.9557
SH.600050,中国联通,2023-09-13 00:00:00,4.9557,4.9457,4.9757,4.8757,20.68,0.00616,190662340,981745345.0,-0.6029302409711068,4.9757
SH.600050,中国联通,2023-09-14 00:00:00,4.9457,4.9857,5.0657,4.9257,20.84,0.00889,275284016,1438055726.0,0.8087833875892017,4.9457
SH.600050,中国联通,2023-09-15 00:00:00,4.9757,4.9457,5.0357,4.9357,20.68,0.00705,218294180,1134312142.0,-0.8022945624485859,4.9857
SH.600050,中国联通,2023-09-18 00:00:00,4.9357,4.8857,4.9457,4.8757,20.44,0.0066,204376944,1046524213.0,-1.2131750813838384,4.9457
SH.600050,中国联通,2023-09-19 00:00:00,4.8757,4.8757,4.8957,4.8457,20.4,0.00442,136830153,697423756.0,-0.20467896104958938,4.8857
SH.600050,中国联通,2023-09-20 00:00:00,4.8657,4.8557,4.8957,4.8457,20.32,0.00314,97184248,494639704.0,-0.41019751010112315,4.8757
SH.600050,中国联通,2023-09-21 00:00:00,4.8457,4.8257,4.8757,4.8257,20.2,0.00373,115419289,585590772.0,-0.6178305908519752,4.8557
SH.600050,中国联通,2023-09-22 00:00:00,4.8257,4.8857,4.8957,4.7857,20.44,0.00616,190850103,966807721.0,1.2433429347037652,4.8257
SH.600050,中国联通,2023-09-25 00:00:00,4.8657,4.8557,4.8857,4.8457,20.32,0.00354,109498495,556736137.0,-0.6140368831487862,4.8857
SH.600050,中国联通,2023-09-26 00:00:00,4.8457,4.6857,4.8657,4.6657,19.64,0.00944,292311700,1452501600.0,-3.5010400148279333,4.8557
SH.600050,中国联通,2023-09-27 00:00:00,4.6757,4.6857,4.7157,4.6657,19.64,0.00411,127408525,626330967.0,0.0,4.6857
SH.600050,中国联通,2023-09-28 00:00:00,4.6957,4.6857,4.7157,4.6357,19.64,0.00401,124194576,608403484.0,0.0,4.6857
SH.600050,中国联通,2023-10-09 00:00:00,4.6757,4.7357,4.7657,4.6257,19.84,0.00563,174417279,862192774.0,1.0670764240134842,4.6857
SH.600050,中国联通,2023-10-10 00:00:00,4.7457,4.7157,4.7857,4.6957,19.76,0.00343,106361412,526749943.0,-0.4223240492429752,4.7357
SH.600050,中国联通,2023-10-11 00:00:00,4.7357,4.6957,4.7457,4.6857,19.68,0.003,92904743,458975003.0,-0.42411518968550954,4.7157
SH.600050,中国联通,2023-10-12 00:00:00,4.7257,4.8057,4.8757,4.7157,20.12,0.00768,237907860,1195705342.0,2.3425687330962246,4.6957
SH.600050,中国联通,2023-10-13 00:00:00,4.7757,4.7557,4.7957,4.7257,19.92,0.00419,129736751,645921775.0,-1.0404311546704919,4.8057
SH.600050,中国联通,2023-10-16 00:00:00,4.7557,4.7557,4.8057,4.7357,19.92,0.00353,109214771,544896264.0,0.0,4.7557
SH.600050,中国联通,2023-10-17 00:00:00,4.7657,4.8457,4.8757,4.7457,20.28,0.00643,199254182,1008030095.0,1.8924658830456056,4.7557
SH.600050,中国联通,2023-10-18 00:00:00,4.8257,4.7957,4.8357,4.7757,20.08,0.00378,116895561,587750259.0,-1.0318426646304935,4.8457
SH.600050,中国联通,2023-10-19 00:00:00,4.7857,4.6657,4.7957,4.6557,19.56,0.00578,178895264,884110008.0,-2.7107617240444544,4.7957
SH.600050,中国联通,2023-10-20 00:00:00,4.6457,4.4957,4.6557,4.4657,18.88,0.00657,203403831,968805425.0,-3.6436118910345696,4.6657
SH.600050,中国联通,2023-10-23 00:00:00,4.4557,4.4957,4.5457,4.4157,18.88,0.00458,141800976,667162857.0,0.0,4.4957
SH.600050,中国联通,2023-10-24 00:00:00,4.4957,4.4557,4.5257,4.4057,18.72,0.00525,162665834,760918215.0,-0.8897390840136138,4.4957
SH.600050,中国联通,2023-10-25 00:00:00,4.4657,4.2857,4.4657,4.2457,17.826,0.01241,384248764,1749314216.0,-3.8153376573826767,4.4557
SH.600050,中国联通,2023-10-26 00:00:00,4.2457,4.2857,4.2957,4.1757,17.826,0.00728,225416496,1004849213.0,0.0,4.2857
SH.600050,中国联通,2023-10-27 00:00:00,4.2557,4.3057,4.3257,4.2357,17.905,0.00602,186398257,840021714.0,0.46666822222739746,4.2857
SH.600050,中国联通,2023-10-30 00:00:00,4.2757,4.2357,4.3057,4.1857,17.628,0.00705,218348792,972012587.0,-1.6257519102585012,4.3057
SH.600050,中国联通,2023-10-31 00:00:00,4.2357,4.2357,4.2757,4.2157,17.628,0.00481,148906537,665448635.0,0.0,4.2357
SH.600050,中国联通,2023-11-01 00:00:00,4.2457,4.2157,4.2657,4.1957,17.549,0.00399,123505985,548713766.0,-0.47217697192906904,4.2357
SH.600050,中国联通,2023-11-02 00:00:00,4.2157,4.1857,4.2357,4.1757,17.43,0.00469,145213581,643012508.0,-0.7116255900562243,4.2157
SH.600050,中国联通,2023-11-03 00:00:00,4.1857,4.2257,4.2357,4.1757,17.588,0.00435,134728245,598207782.0,0.9556346608691505,4.1857
SH.600050,中国联通,2023-11-06 00:00:00,4.2457,4.2557,4.2657,4.2057,17.707,0.00625,193444326,863829666.0,0.7099415481458753,4.2257
SH.600050,中国联通,2023-11-07 00:00:00,4.2457,4.2557,4.2857,4.2057,17.707,0.00529,163957626,732787205.0,0.0,4.2557
SH.600050,中国联通,2023-11-08 00:00:00,4.2457,4.2857,4.3057,4.2357,17.826,0.00571,176711485,795194513.0,0.7049369081467267,4.2557
SH.600050,中国联通,2023-11-09 00:00:00,4.2757,4.2657,4.3457,4.2557,17.747,0.00428,132641753,598002120.0,-0.46666822222741816,4.2857
SH.600050,中国联通,2023-11-10 00:00:00,4.2357,4.2257,4.2557,4.1957,17.588,0.00373,115654406,513989110.0,-0.937712450477062,4.2657
SH.600050,中国联通,2023-11-13 00:00:00,4.2357,4.2857,4.3057,4.2157,17.826,0.00529,163834824,737013184.0,1.4198830962917506,4.2257
SH.600050,中国联通,2023-11-14 00:00:00,4.2857,4.3157,4.3257,4.2757,17.944,0.00399,123593743,559381126.0,0.7000023333410962,4.2857
SH.600050,中国联通,2023-11-15 00:00:00,4.3457,4.3057,4.3557,4.2857,17.905,0.00335,103740943,470879307.0,-0.2317121208610373,4.3157
SH.600050,中国联通,2023-11-16 00:00:00,4.2957,4.2457,4.3057,4.2357,17.667,0.00368,114010298,511196150.0,-1.393501637364415,4.3057
SH.600050,中国联通,2023-11-17 00:00:00,4.2357,4.2457,4.2557,4.1957,17.667,0.00442,136745423,607722421.0,0.0,4.2457
SH.600050,中国联通,2023-11-20 00:00:00,4.2357,4.2457,4.2657,4.2057,17.667,0.00352,108848737,485043713.0,0.0,4.2457
SH.600050,中国联通,2023-11-21 00:00:00,4.2457,4.2357,4.2857,4.2257,17.628,0.00483,149487524,669962630.0,-0.23553242103777172,4.2457
SH.600050,中国联通,2023-11-22 00:00:00,4.2357,4.2857,4.4057,4.2257,17.826,0.01085,335999540,1524644112.0,1.1804424298227145,4.2357
SH.600050,中国联通,2023-11-23 00:00:00,4.2757,4.3057,4.3257,4.2357,17.905,0.00606,187561872,845617827.0,0.46666822222739746,4.2857
SH.600050,中国联通,2023-11-24 00:00:00,4.3157,4.2857,4.3757,4.2757,17.826,0.00582,180132406,818113486.0,-0.46450054578813144,4.3057
SH.600050,中国联通,2023-11-27 00:00:00,4.2857,4.2057,4.2957,4.1857,17.509,0.00603,186876669,828875106.0,-1.8666728889096311,4.2857
SH.600050,中国联通,2023-11-28 00:00:00,4.2057,4.1457,4.2057,4.1157,17.272,0.0063,195192237,856017799.0,-1.4266352806905032,4.2057
SH.600050,中国联通,2023-11-29 00:00:00,4.1557,4.1257,4.1657,4.1057,17.193,0.00349,108177260,470750450.0,-0.4824275755602088,4.1457
SH.600050,中国联通,2023-11-30 00:00:00,4.1257,4.1657,4.1957,4.1057,17.351,0.00491,152180669,667633581.0,0.969532442979374,4.1257
SH.600050,中国联通,2023-12-01 00:00:00,4.1657,4.2357,4.2457,4.1257,17.628,0.00622,192487905,851701136.0,1.6803898504452888,4.1657
SH.600050,中国联通,2023-12-04 00:00:00,4.2457,4.2257,4.2757,4.2157,17.588,0.0039,120889419,540771461.0,-0.23608848596453452,4.2357
SH.600050,中国联通,2023-12-05 00:00:00,4.2157,4.1457,4.2257,4.1357,17.272,0.00385,119295505,526020774.0,-1.8931774617223198,4.2257
SH.600050,中国联通,2023-12-06 00:00:00,4.1357,4.0657,4.1457,4.0157,16.956,0.00559,173161605,741043754.0,-1.929710302240878,4.1457
SH.600050,中国联通,2023-12-07 00:00:00,4.0557,4.0657,4.1157,4.0357,16.956,0.00368,114032879,490102358.0,0.0,4.0657
SH.600050,中国联通,2023-12-08 00:00:00,4.094,4.194,4.254,4.074,17.154,0.0075,232153223,1003851557.0,3.155668150625976,4.0657
SH.600050,中国联通,2023-12-11 00:00:00,4.184,4.234,4.244,4.134,17.312,0.0049,151878881,658126031.0,0.9537434430138301,4.194
SH.600050,中国联通,2023-12-12 00:00:00,4.214,4.274,4.284,4.204,17.47,0.00402,124537784,548287135.0,0.9447331128956078,4.234
SH.600050,中国联通,2023-12-13 00:00:00,4.254,4.234,4.284,4.224,17.312,0.00309,95561722,420274429.0,-0.935891436593356,4.274
SH.600050,中国联通,2023-12-14 00:00:00,4.234,4.224,4.304,4.224,17.272,0.00358,110958583,488804404.0,-0.2361832782238967,4.234
SH.600050,中国联通,2023-12-15 00:00:00,4.214,4.184,4.244,4.184,17.114,0.00377,116643884,508378828.0,-0.9469696969696977,4.224
SH.600050,中国联通,2023-12-18 00:00:00,4.174,4.184,4.224,4.154,17.114,0.00335,103761061,450296429.0,0.0,4.184
SH.600050,中国联通,2023-12-19 00:00:00,4.174,4.184,4.204,4.134,17.114,0.00311,96153602,415181988.0,0.0,4.184
SH.600050,中国联通,2023-12-20 00:00:00,4.184,4.124,4.204,4.114,16.877,0.0033,102153441,440245167.0,-1.4340344168260157,4.184
SH.600050,中国联通,2023-12-21 00:00:00,4.104,4.124,4.144,4.094,16.877,0.00345,106687281,454834213.0,0.0,4.124
SH.600050,中国联通,2023-12-22 00:00:00,4.114,4.124,4.194,4.104,16.877,0.00564,174679247,747971934.0,0.0,4.124
SH.600050,中国联通,2023-12-25 00:00:00,4.124,4.064,4.134,4.044,16.64,0.00359,111169406,469031069.0,-1.4548981571289916,4.124
SH.600050,中国联通,2023-12-26 00:00:00,4.064,4.074,4.094,4.034,16.679,0.00316,97885437,413019855.0,0.246062992125979,4.064
SH.600050,中国联通,2023-12-27 00:00:00,4.084,4.214,4.234,4.064,17.233,0.00754,233385291,1002328914.0,3.436426116838502,4.074
SH.600050,中国联通,2023-12-28 00:00:00,4.184,4.224,4.254,4.164,17.272,0.00771,238752607,1040962252.0,0.2373042240151824,4.214
SH.600050,中国联通,2023-12-29 00:00:00,4.204,4.234,4.274,4.184,17.312,0.00582,180126852,788458312.0,0.23674242424241917,4.224
SH.600050,中国联通,2024-01-02 00:00:00,4.234,4.144,4.274,4.134,16.956,0.00815,252421555,1089890198.0,-2.1256495040151124,4.234
SH.600050,中国联通,2024-01-03 00:00:00,4.124,4.174,4.184,4.114,17.075,0.00403,124895928,537368406.0,0.7239382239382299,4.144
SH.600050,中国联通,2024-01-04 00:00:00,4.164,4.134,4.204,4.084,16.916,0.00547,169329959,724509840.0,-0.9583133684714908,4.174
SH.600050,中国联通,2024-01-05 00:00:00,4.124,4.104,4.174,4.084,16.798,0.00458,141931394,606476282.0,-0.7256894049346939,4.134
SH.600050,中国联通,2024-01-08 00:00:00,4.084,4.044,4.104,4.034,16.561,0.00464,143719460,604960720.0,-1.4619883040935793,4.104
SH.600050,中国联通,2024-01-09 00:00:00,4.054,3.924,4.064,3.894,16.086,0.00794,245792877,1007234768.0,-2.9673590504450957,4.044
SH.600050,中国联通,2024-01-10 00:00:00,3.904,3.844,3.904,3.844,15.77,0.00474,146686072,588694206.0,-2.0387359836901138,3.924
SH.600050,中国联通,2024-01-11 00:00:00,3.844,3.874,3.884,3.804,15.889,0.0043,133052156,531024271.0,0.7804370447450637,3.844
SH.600050,中国联通,2024-01-12 00:00:00,3.854,3.854,3.914,3.844,15.81,0.00316,97923123,393889355.0,-0.5162622612287047,3.874
SH.600050,中国联通,2024-01-15 00:00:00,3.834,3.904,3.924,3.824,16.007,0.00425,131569023,531255567.0,1.297353399065901,3.854
SH.600050,中国联通,2024-01-16 00:00:00,3.894,3.924,3.924,3.864,16.086,0.00371,114772019,464175652.0,0.5122950819672136,3.904
SH.600050,中国联通,2024-01-17 00:00:00,3.904,3.864,3.934,3.864,15.849,0.00422,130721799,529892275.0,-1.5290519877675854,3.924
SH.600050,中国联通,2024-01-18 00:00:00,3.854,3.894,3.914,3.754,15.968,0.00725,224468333,891772724.0,0.7763975155279568,3.864
SH.600050,中国联通,2024-01-19 00:00:00,3.864,3.894,3.914,3.844,15.968,0.00476,147464558,593810721.0,0.0,3.894
SH.600050,中国联通,2024-01-22 00:00:00,3.894,3.844,3.914,3.804,15.77,0.00555,171706294,690524111.0,-1.284026707755528,3.894
SH.600050,中国联通,2024-01-23 00:00:00,3.834,3.824,3.844,3.784,15.691,0.00451,139571950,553084584.0,-0.5202913631633719,3.844
SH.600050,中国联通,2024-01-24 00:00:00,3.834,3.974,3.994,3.834,16.284,0.009,278577296,1129851383.0,3.922594142259424,3.824
SH.600050,中国联通,2024-01-25 00:00:00,3.984,4.384,4.384,3.974,17.905,0.02729,844903595,3757276811.0,10.317060895822852,3.974
SH.600050,中国联通,2024-01-26 00:00:00,4.344,4.404,4.444,4.324,17.984,0.02232,691028667,3128445194.0,0.456204379562034,4.384
SH.600050,中国联通,2024-01-29 00:00:00,4.384,4.424,4.684,4.374,18.063,0.02158,668327061,3111717828.0,0.4541326067211731,4.404
SH.600050,中国联通,2024-01-30 00:00:00,4.414,4.404,4.564,4.394,17.984,0.01464,453236114,2096296444.0,-0.4520795660036271,4.424
SH.600050,中国联通,2024-01-31 00:00:00,4.374,4.374,4.504,4.324,17.865,0.01208,374110646,1700168435.0,-0.6811989100817495,4.404
SH.600050,中国联通,2024-02-01 00:00:00,4.324,4.304,4.384,4.264,17.588,0.01029,318516374,1422516473.0,-1.6003657978966486,4.374
SH.600050,中国联通,2024-02-02 00:00:00,4.304,4.304,4.394,4.134,17.588,0.01295,401028221,1782933388.0,0.0,4.304
SH.600050,中国联通,2024-02-05 00:00:00,4.244,4.284,4.334,4.184,17.509,0.01118,346312953,1527590201.0,-0.4646840148698992,4.304
SH.600050,中国联通,2024-02-06 00:00:00,4.264,4.324,4.384,4.154,17.667,0.01264,391385279,1732327726.0,0.9337068160597581,4.284
SH.600050,中国联通,2024-02-07 00:00:00,4.314,4.414,4.424,4.274,18.023,0.01282,397010714,1781624833.0,2.0814061054579063,4.324
SH.600050,中国联通,2024-02-08 00:00:00,4.384,4.414,4.424,4.354,18.023,0.00973,301442016,1367388732.0,0.0,4.414
SH.600050,中国联通,2024-02-19 00:00:00,4.414,4.544,4.554,4.364,18.537,0.01193,369412981,1704432382.0,2.9451744449478907,4.414
SH.600050,中国联通,2024-02-20 00:00:00,4.554,4.594,4.634,4.484,18.735,0.01003,310493898,1465667237.0,1.100352112676072,4.544
SH.600050,中国联通,2024-02-21 00:00:00,4.544,4.584,4.714,4.524,18.695,0.01111,343893246,1639209766.0,-0.21767522855900465,4.594
SH.600050,中国联通,2024-02-22 00:00:00,4.644,4.754,4.854,4.644,19.367,0.01341,415214081,2033354646.0,3.708551483420592,4.584
SH.600050,中国联通,2024-02-23 00:00:00,4.754,4.714,4.774,4.664,19.209,0.0098,303476894,1472202266.0,-0.8413967185527798,4.754
SH.600050,中国联通,2024-02-26 00:00:00,4.704,4.584,4.714,4.574,18.695,0.00932,288602803,1377165305.0,-2.7577428935087136,4.714
SH.600050,中国联通,2024-02-27 00:00:00,4.564,4.684,4.714,4.554,19.09,0.00855,264673974,1266358609.0,2.1815008726003606,4.584
SH.600050,中国联通,2024-02-28 00:00:00,4.714,4.564,4.724,4.554,18.616,0.00992,307143428,1469133152.0,-2.5619128949615733,4.684
SH.600050,中国联通,2024-02-29 00:00:00,4.534,4.654,4.654,4.524,18.972,0.00819,253667119,1206715184.0,1.9719544259421529,4.564
SH.600050,中国联通,2024-03-01 00:00:00,4.654,4.694,4.734,4.624,19.13,0.00828,256279650,1238317579.0,0.8594757198109161,4.654
SH.600050,中国联通,2024-03-04 00:00:00,4.704,4.714,4.754,4.664,19.209,0.00791,245066485,1191256831.0,0.4260758414997968,4.694
SH.600050,中国联通,2024-03-05 00:00:00,4.714,4.694,4.794,4.664,19.13,0.00823,254983817,1240154717.0,-0.42426813746288633,4.714
SH.600050,中国联通,2024-03-06 00:00:00,4.684,4.664,4.714,4.664,19.011,0.00598,185213244,894596980.0,-0.6391137622496857,4.694
SH.600050,中国联通,2024-03-07 00:00:00,4.654,4.574,4.664,4.564,18.656,0.00753,233065817,1107850762.0,-1.9296740994854173,4.664
SH.600050,中国联通,2024-03-08 00:00:00,4.574,4.684,4.684,4.564,19.09,0.0064,198096495,946391807.0,2.404897245299526,4.574
SH.600050,中国联通,2024-03-11 00:00:00,4.664,4.634,4.684,4.594,18.893,0.00623,193067469,921012468.0,-1.0674637062339842,4.684
SH.600050,中国联通,2024-03-12 00:00:00,4.634,4.524,4.644,4.504,18.458,0.00858,265678829,1249341557.0,-2.3737591713422597,4.634
SH.600050,中国联通,2024-03-13 00:00:00,4.514,4.484,4.544,4.444,18.3,0.00593,183689696,851026175.0,-0.8841732979664021,4.524
SH.600050,中国联通,2024-03-14 00:00:00,4.484,4.474,4.524,4.434,18.26,0.00485,150050150,694759375.0,-0.22301516503121735,4.484
SH.600050,中国联通,2024-03-15 00:00:00,4.464,4.464,4.474,4.424,18.221,0.00451,139541313,641457964.0,-0.22351363433168944,4.474
SH.600050,中国联通,2024-03-18 00:00:00,4.474,4.574,4.584,4.464,18.656,0.00691,213930468,1001961287.0,2.464157706093177,4.464
SH.600050,中国联通,2024-03-19 00:00:00,4.564,4.494,4.574,4.484,18.339,0.00492,152494503,711822726.0,-1.7490161783996518,4.574
SH.600050,中国联通,2024-03-20 00:00:00,4.534,4.564,4.604,4.484,18.326,0.00759,235180309,1105776295.0,1.5576323987539005,4.494
SH.600050,中国联通,2024-03-21 00:00:00,4.544,4.574,4.654,4.544,18.365,0.00688,212908413,1008857316.0,0.21910604732690153,4.564
SH.600050,中国联通,2024-03-22 00:00:00,4.564,4.514,4.584,4.474,18.132,0.00555,171741491,800174329.0,-1.3117621337997292,4.574
SH.600050,中国联通,2024-03-25 00:00:00,4.494,4.484,4.564,4.474,18.015,0.0054,167281634,780369850.0,-0.6645990252547684,4.514
SH.600050,中国联通,2024-03-26 00:00:00,4.464,4.474,4.494,4.444,17.976,0.00411,127337110,587226323.0,-0.22301516503121735,4.484
SH.600050,中国联通,2024-03-27 00:00:00,4.464,4.434,4.524,4.404,17.821,0.0062,191978454,883327209.0,-0.8940545373267778,4.474
SH.600050,中国联通,2024-03-28 00:00:00,4.444,4.464,4.514,4.424,17.937,0.00602,186350330,859118578.0,0.6765899864682058,4.434
SH.600050,中国联通,2024-03-29 00:00:00,4.454,4.524,4.534,4.444,18.171,0.00483,149515038,694130556.0,1.3440860215053676,4.464
SH.600050,中国联通,2024-04-01 00:00:00,4.534,4.594,4.654,4.524,18.443,0.00649,201102277,953251088.0,1.5473032714412087,4.524
SH.600050,中国联通,2024-04-02 00:00:00,4.584,4.574,4.624,4.554,18.365,0.00438,135732087,641959912.0,-0.43535045711799,4.594
SH.600050,中国联通,2024-04-03 00:00:00,4.564,4.524,4.574,4.524,18.171,0.00335,103653107,486089687.0,-1.0931351114997776,4.574
SH.600050,中国联通,2024-04-08 00:00:00,4.504,4.534,4.574,4.464,18.21,0.00579,179314869,838247002.0,0.22104332449159564,4.524
SH.600050,中国联通,2024-04-09 00:00:00,4.524,4.464,4.544,4.434,17.937,0.00546,168964894,779934037.0,-1.5438906043228804,4.534
SH.600050,中国联通,2024-04-10 00:00:00,4.444,4.414,4.504,4.394,17.743,0.0048,148499971,681020172.0,-1.1200716845878294,4.464
SH.600050,中国联通,2024-04-11 00:00:00,4.394,4.404,4.474,4.384,17.704,0.00428,132571710,606832358.0,-0.22655188038060234,4.414
SH.600050,中国联通,2024-04-12 00:00:00,4.404,4.374,4.434,4.354,17.587,0.00467,144530316,655535370.0,-0.6811989100817495,4.404
SH.600050,中国联通,2024-04-15 00:00:00,4.374,4.584,4.594,4.364,18.404,0.01172,362787960,1693580523.0,4.801097393689986,4.374
SH.600050,中国联通,2024-04-16 00:00:00,4.574,4.584,4.624,4.534,18.404,0.00958,296698186,1403350606.0,0.0,4.584
SH.600050,中国联通,2024-04-17 00:00:00,4.564,4.674,4.684,4.494,18.754,0.01046,323861330,1537863692.0,1.9633507853403305,4.584
SH.600050,中国联通,2024-04-18 00:00:00,4.654,4.694,4.794,4.634,18.832,0.01031,319144875,1550223131.0,0.4278990158322544,4.674
SH.600050,中国联通,2024-04-19 00:00:00,4.664,4.694,4.734,4.654,18.832,0.00663,205252280,992307878.0,0.0,4.694
SH.600050,中国联通,2024-04-22 00:00:00,4.694,4.614,4.734,4.594,18.098,0.00711,220018965,1055184373.0,-1.7043033659991496,4.694
SH.600050,中国联通,2024-04-23 00:00:00,4.624,4.564,4.654,4.544,17.908,0.00616,190714208,905289816.0,-1.0836584308625883,4.614
SH.600050,中国联通,2024-04-24 00:00:00,4.564,4.584,4.594,4.534,17.984,0.00389,120425250,567515030.0,0.43821209465380306,4.564
SH.600050,中国联通,2024-04-25 00:00:00,4.574,4.594,4.594,4.544,18.022,0.00365,113122397,533963523.0,0.21815008726004964,4.584
SH.600050,中国联通,2024-04-26 00:00:00,4.584,4.614,4.644,4.574,18.098,0.00644,199267285,948983702.0,0.4353504571179707,4.594
SH.600050,中国联通,2024-04-29 00:00:00,4.624,4.544,4.634,4.524,17.832,0.00986,305210803,1434722542.0,-1.5171218032076352,4.614
SH.600050,中国联通,2024-04-30 00:00:00,4.544,4.544,4.624,4.534,17.832,0.00723,223762080,1057003526.0,0.0,4.544
SH.600050,中国联通,2024-05-06 00:00:00,4.584,4.514,4.594,4.504,17.718,0.00882,273075147,1278746148.0,-0.6602112676056199,4.544
SH.600050,中国联通,2024-05-07 00:00:00,4.524,4.524,4.544,4.504,17.756,0.00454,140440263,655352274.0,0.22153300841824958,4.514
SH.600050,中国联通,2024-05-08 00:00:00,4.514,4.494,4.524,4.474,17.642,0.00422,130560326,606106764.0,-0.6631299734748065,4.524
SH.600050,中国联通,2024-05-09 00:00:00,4.484,4.494,4.514,4.474,17.642,0.00478,147935318,686069101.0,0.0,4.494
SH.600050,中国联通,2024-05-10 00:00:00,4.494,4.524,4.554,4.484,17.756,0.00634,196264267,916739896.0,0.667556742323103,4.494
SH.600050,中国联通,2024-05-13 00:00:00,4.504,4.514,4.544,4.474,17.718,0.00557,172578317,803796586.0,-0.22104332449159564,4.524
SH.600050,中国联通,2024-05-14 00:00:00,4.524,4.494,4.534,4.484,17.642,0.00391,120934760,561672919.0,-0.44306601683651886,4.514
SH.600050,中国联通,2024-05-15 00:00:00,4.494,4.444,4.494,4.434,17.452,0.0046,142379551,655158754.0,-1.1125945705384919,4.494
SH.600050,中国联通,2024-05-16 00:00:00,4.454,4.434,4.464,4.414,17.414,0.0049,151695071,694321745.0,-0.22502250225022022,4.444
SH.600050,中国联通,2024-05-17 00:00:00,4.434,4.494,4.494,4.414,17.642,0.00556,172202463,791902760.0,1.3531799729363918,4.434
SH.600050,中国联通,2024-05-20 00:00:00,4.474,4.514,4.524,4.474,17.718,0.00618,191297150,888036560.0,0.4450378282154086,4.494
SH.600050,中国联通,2024-05-21 00:00:00,4.504,4.524,4.534,4.494,17.756,0.00403,124772676,581821617.0,0.22153300841824958,4.514
SH.600050,中国联通,2024-05-22 00:00:00,4.524,4.544,4.554,4.504,17.832,0.00531,164291800,769762889.0,0.4420866489831913,4.524
SH.600050,中国联通,2024-05-23 00:00:00,4.554,4.494,4.554,4.484,17.642,0.00437,135253133,630547263.0,-1.1003521126760525,4.544
SH.600050,中国联通,2024-05-24 00:00:00,4.484,4.464,4.524,4.454,17.528,0.00398,123101161,571149907.0,-0.6675567423230833,4.494
SH.600050,中国联通,2024-05-27 00:00:00,4.484,4.554,4.554,4.454,17.87,0.00578,178926116,834419701.0,2.016129032258061,4.464
SH.600050,中国联通,2024-05-28 00:00:00,4.544,4.494,4.574,4.484,17.642,0.00449,139106161,650314372.0,-1.3175230566535023,4.554
SH.600050,中国联通,2024-05-29 00:00:00,4.494,4.444,4.504,4.434,17.452,0.00458,141756206,653769190.0,-1.1125945705384919,4.494
SH.600050,中国联通,2024-05-30 00:00:00,4.434,4.434,4.464,4.414,17.414,0.00396,122629198,562263913.0,-0.22502250225022022,4.444
SH.600050,中国联通,2024-05-31 00:00:00,4.434,4.424,4.464,4.424,17.376,0.00391,120935530,554730872.0,-0.22552999548939526,4.434
SH.600050,中国联通,2024-06-03 00:00:00,4.424,4.444,4.474,4.414,17.452,0.00436,135078458,620328353.0,0.45207956600360694,4.424
SH.600050,中国联通,2024-06-04 00:00:00,4.434,4.454,4.454,4.384,17.49,0.00434,134539855,614973664.0,0.22502250225022022,4.444
SH.600050,中国联通,2024-06-05 00:00:00,4.444,4.394,4.444,4.384,17.262,0.00352,108948758,496844988.0,-1.3471037269869692,4.454
SH.600050,中国联通,2024-06-06 00:00:00,4.394,4.374,4.424,4.374,17.186,0.00411,127238690,577642644.0,-0.45516613563951885,4.394
SH.600050,中国联通,2024-06-07 00:00:00,4.394,4.424,4.424,4.374,17.376,0.004,123847731,562812748.0,1.1431184270690609,4.374
SH.600050,中国联通,2024-06-11 00:00:00,4.404,4.324,4.444,4.324,16.996,0.0058,179512987,811127869.0,-2.260397830018095,4.424
SH.600050,中国联通,2024-06-12 00:00:00,4.344,4.274,4.344,4.224,16.806,0.00751,232701694,1026912293.0,-1.1563367252543901,4.324
SH.600050,中国联通,2024-06-13 00:00:00,4.274,4.284,4.304,4.254,16.844,0.00414,128348209,568592342.0,0.23397285914833382,4.274
SH.600050,中国联通,2024-06-14 00:00:00,4.274,4.364,4.364,4.264,17.148,0.00578,178882259,801007377.0,1.8674136321195163,4.284
SH.600050,中国联通,2024-06-17 00:00:00,4.354,4.364,4.404,4.334,17.148,0.00437,135244769,611538904.0,0.0,4.364
SH.600050,中国联通,2024-06-18 00:00:00,4.364,4.404,4.404,4.354,17.3,0.00304,94020755,426128279.0,0.9165902841429889,4.364
SH.600050,中国联通,2024-06-19 00:00:00,4.404,4.424,4.454,4.394,17.376,0.00405,125365706,574049844.0,0.4541326067211731,4.404
SH.600050,中国联通,2024-06-20 00:00:00,4.424,4.374,4.444,4.354,17.186,0.00407,126002287,570613621.0,-1.1301989150090574,4.424
SH.600050,中国联通,2024-06-21 00:00:00,4.374,4.424,4.434,4.354,17.376,0.0043,133112745,606142326.0,1.1431184270690609,4.374
SH.600050,中国联通,2024-06-24 00:00:00,4.424,4.404,4.444,4.394,17.3,0.00403,124743428,569623751.0,-0.4520795660036271,4.424
SH.600050,中国联通,2024-06-25 00:00:00,4.394,4.354,4.434,4.314,17.11,0.00464,143600067,648719342.0,-1.1353315168029023,4.404
SH.600050,中国联通,2024-06-26 00:00:00,4.354,4.374,4.384,4.294,17.186,0.00404,125194869,561200748.0,0.4593477262287453,4.354
SH.600050,中国联通,2024-06-27 00:00:00,4.364,4.444,4.464,4.354,17.452,0.00662,204872821,937796093.0,1.6003657978966686,4.374
SH.600050,中国联通,2024-06-28 00:00:00,4.434,4.554,4.564,4.424,17.87,0.00847,262374920,1221380173.0,2.4752475247524823,4.444
SH.600050,中国联通,2024-07-01 00:00:00,4.554,4.534,4.584,4.524,17.794,0.0054,167086735,784381028.0,-0.43917435221784057,4.554
SH.600050,中国联通,2024-07-02 00:00:00,4.534,4.594,4.614,4.534,18.022,0.00625,193438669,915270521.0,1.3233348037053485,4.534
SH.600050,中国联通,2024-07-03 00:00:00,4.594,4.624,4.664,4.574,18.136,0.00572,177211889,844232496.0,0.653025685676956,4.594
SH.600050,中国联通,2024-07-04 00:00:00,4.614,4.574,4.654,4.564,17.946,0.00473,146583002,695337144.0,-1.0813148788927298,4.624
SH.600050,中国联通,2024-07-05 00:00:00,4.574,4.574,4.614,4.514,17.946,0.00519,160642026,756211221.0,0.0,4.574
SH.600050,中国联通,2024-07-08 00:00:00,4.564,4.574,4.614,4.564,17.946,0.00423,130922553,620138916.0,0.0,4.574
SH.600050,中国联通,2024-07-09 00:00:00,4.594,4.624,4.644,4.524,18.136,0.00538,166529630,790694390.0,1.0931351114997776,4.574
SH.600050,中国联通,2024-07-10 00:00:00,4.604,4.584,4.654,4.574,17.984,0.00423,131068871,621981013.0,-0.8650519031141877,4.624
SH.600050,中国联通,2024-07-11 00:00:00,4.604,4.604,4.644,4.574,18.06,0.00432,133890095,635722873.0,0.43630017452007996,4.584
SH.600050,中国联通,2024-07-12 00:00:00,4.594,4.634,4.654,4.574,18.174,0.00465,144031849,687356469.0,0.651607298001743,4.604
SH.600050,中国联通,2024-07-15 00:00:00,4.624,4.664,4.704,4.614,18.288,0.00548,169607122,816603461.0,0.6473888649115096,4.634
SH.600050,中国联通,2024-07-16 00:00:00,4.654,4.664,4.674,4.624,18.288,0.00406,125617664,602324782.0,0.0,4.664
SH.600050,中国联通,2024-07-17 00:00:00,4.664,4.594,4.674,4.574,18.022,0.00576,178499627,849950205.0,-1.5008576329330918,4.664
SH.600050,中国联通,2024-07-18 00:00:00,4.574,4.664,4.684,4.564,18.288,0.00629,194881445,932394936.0,1.5237265999129166,4.594
SH.600050,中国联通,2024-07-19 00:00:00,4.6656,4.7056,4.7056,4.6256,18.25,0.00574,177687870,846185742.0,0.8919382504288136,4.664
SH.600050,中国联通,2024-07-22 00:00:00,4.7056,4.6556,4.7156,4.6156,18.06,0.00504,156160302,741671590.0,-1.062563753825226,4.7056
SH.600050,中国联通,2024-07-23 00:00:00,4.6556,4.6456,4.7056,4.6356,18.022,0.00459,142223744,678733871.0,-0.21479508548843945,4.6556
SH.600050,中国联通,2024-07-24 00:00:00,4.6256,4.6956,4.7356,4.6156,18.212,0.00644,199356317,952715894.0,1.0762872395384844,4.6456
SH.600050,中国联通,2024-07-25 00:00:00,4.6956,4.6356,4.7256,4.5956,17.984,0.00603,186813311,885019284.0,-1.2777919754663858,4.6956
SH.600050,中国联通,2024-07-26 00:00:00,4.6356,4.5556,4.6456,4.5056,17.68,0.00624,193264411,897557619.0,-1.725774441280526,4.6356
SH.600050,中国联通,2024-07-29 00:00:00,4.5356,4.6556,4.6856,4.5256,18.06,0.00549,169965234,801007383.0,2.1951005356045226,4.5556
SH.600050,中国联通,2024-07-30 00:00:00,4.6556,4.6856,4.7056,4.6356,18.174,0.00398,123187357,587194931.0,0.6443852564653374,4.6556
SH.600050,中国联通,2024-07-31 00:00:00,4.7056,4.6056,4.7056,4.5956,17.87,0.00776,240421447,1133225477.0,-1.7073587160662471,4.6856
SH.600050,中国联通,2024-08-01 00:00:00,4.5856,4.6256,4.6856,4.5856,17.946,0.00601,186164119,881218456.0,0.4342539517109706,4.6056
SH.600050,中国联通,2024-08-02 00:00:00,4.6256,4.6656,4.7056,4.6056,18.098,0.00657,203394759,969804207.0,0.8647526807333109,4.6256
SH.600050,中国联通,2024-08-05 00:00:00,4.6556,4.5656,4.6856,4.5556,17.718,0.00586,181472206,852885427.0,-2.1433470507544694,4.6656
SH.600050,中国联通,2024-08-06 00:00:00,4.5756,4.4956,4.6056,4.4356,17.452,0.00611,189249971,869137596.0,-1.5332048361661181,4.5656
SH.600050,中国联通,2024-08-07 00:00:00,4.4956,4.4756,4.5456,4.4756,17.376,0.00311,96292592,442830790.0,-0.44487943767238136,4.4956
SH.600050,中国联通,2024-08-08 00:00:00,4.4656,4.4956,4.5256,4.4556,17.452,0.00276,85446257,392562570.0,0.446867459111618,4.4756
SH.600050,中国联通,2024-08-09 00:00:00,4.4956,4.4256,4.5256,4.4256,17.186,0.00391,121107059,551758117.0,-1.5570780318533544,4.4956
SH.600050,中国联通,2024-08-12 00:00:00,4.4356,4.3656,4.4356,4.3456,16.958,0.00332,102663976,460154102.0,-1.3557483731019635,4.4256
SH.600050,中国联通,2024-08-13 00:00:00,4.3656,4.3756,4.3956,4.3556,16.996,0.00312,96733076,432311615.0,0.2290635880520587,4.3656
SH.600050,中国联通,2024-08-14 00:00:00,4.3856,4.4056,4.4356,4.3656,17.11,0.00341,105705328,475640734.0,0.6856202577932022,4.3756
SH.600050,中国联通,2024-08-15 00:00:00,4.4156,4.4356,4.4656,4.3656,16.413,0.00417,129144625,584709824.0,0.6809515162520485,4.4056
SH.600050,中国联通,2024-08-16 00:00:00,4.4756,4.6356,4.6456,4.4656,17.137,0.01044,323169554,1514208767.0,4.508972855983411,4.4356
SH.600050,中国联通,2024-08-19 00:00:00,4.6456,4.6956,4.6956,4.6256,17.355,0.00602,186396009,888750554.0,1.294330830960385,4.6356
SH.600050,中国联通,2024-08-20 00:00:00,4.7056,4.6656,4.7056,4.6456,17.246,0.00408,126316122,601430406.0,-0.6388959877331835,4.6956
SH.600050,中国联通,2024-08-21 00:00:00,4.6656,4.6656,4.6956,4.6256,17.246,0.00373,115383008,550234691.0,0.0,4.6656
SH.600050,中国联通,2024-08-22 00:00:00,4.6656,4.6656,4.7056,4.6456,17.246,0.00403,124864435,596034942.0,0.0,4.6656
SH.600050,中国联通,2024-08-23 00:00:00,4.6756,4.6956,4.7356,4.6456,17.355,0.00468,144927804,694224586.0,0.6430041152263237,4.6656
SH.600050,中国联通,2024-08-26 00:00:00,4.6956,4.6956,4.7256,4.6556,17.355,0.00362,112225242,536812618.0,0.0,4.6956
SH.600050,中国联通,2024-08-27 00:00:00,4.6856,4.7156,4.7256,4.6756,17.427,0.00411,127262211,611294313.0,0.4259306584888079,4.6956
SH.600050,中国联通,2024-08-28 00:00:00,4.7156,4.6956,4.7256,4.6656,17.355,0.00355,109823829,526050524.0,-0.4241241835609564,4.7156
SH.600050,中国联通,2024-08-29 00:00:00,4.6956,4.5856,4.7056,4.5756,16.956,0.00456,141194061,665741354.0,-2.342618621688377,4.6956
SH.600050,中国联通,2024-08-30 00:00:00,4.5756,4.5456,4.6156,4.5456,16.811,0.00629,194781752,910329934.0,-0.8722958827634341,4.5856
SH.600050,中国联通,2024-09-02 00:00:00,4.5556,4.5356,4.5756,4.4956,16.775,0.00405,125520979,582598497.0,-0.21999296022528764,4.5456
SH.600050,中国联通,2024-09-03 00:00:00,4.5356,4.5756,4.5856,4.5056,16.92,0.00361,111772210,518802624.0,0.8819119851838795,4.5356
SH.600050,中国联通,2024-09-04 00:00:00,4.5656,4.5856,4.6156,4.5556,16.956,0.00347,107537642,503953056.0,0.218550572602515,4.5756
SH.600050,中国联通,2024-09-05 00:00:00,4.5856,4.5256,4.6056,4.5056,16.739,0.00405,125378002,579633226.0,-1.3084438241451608,4.5856
SH.600050,中国联通,2024-09-06 00:00:00,4.5256,4.5156,4.5856,4.5156,16.702,0.0028,86549882,401402120.0,-0.2209651758882753,4.5256
SH.600050,中国联通,2024-09-09 00:00:00,4.5156,4.4556,4.5356,4.4256,16.485,0.00382,118222206,538692206.0,-1.3287270794578903,4.5156
SH.600050,中国联通,2024-09-10 00:00:00,4.4456,4.4656,4.4856,4.4456,16.521,0.00276,85330470,389243502.0,0.2244366639734419,4.4556
SH.600050,中国联通,2024-09-11 00:00:00,4.4556,4.4056,4.4656,4.3856,16.304,0.00327,101377777,457095065.0,-1.3436044428520355,4.4656
SH.600050,中国联通,2024-09-12 00:00:00,4.4156,4.3756,4.4256,4.3556,16.195,0.00353,109252147,488833015.0,-0.6809515162520284,4.4056
SH.600050,中国联通,2024-09-13 00:00:00,4.3756,4.3756,4.4356,4.3656,16.195,0.00266,82266492,369843205.0,0.0,4.3756
SH.600050,中国联通,2024-09-18 00:00:00,4.3756,4.3856,4.4056,4.3456,16.231,0.00305,94465319,422663148.0,0.22854008593106742,4.3756
SH.600050,中国联通,2024-09-19 00:00:00,4.3956,4.3756,4.4056,4.3356,16.195,0.00423,131099492,585151528.0,-0.22801897117839717,4.3856
SH.600050,中国联通,2024-09-20 00:00:00,4.3756,4.3956,4.4256,4.3556,16.268,0.00483,149519694,669379758.0,0.45708017186213484,4.3756
SH.600050,中国联通,2024-09-23 00:00:00,4.3956,4.3956,4.4256,4.3756,16.268,0.00345,106985014,480488479.0,0.0,4.3956
SH.600050,中国联通,2024-09-24 00:00:00,4.4156,4.6056,4.6056,4.4056,17.028,0.00767,237413864,1093413219.0,4.777504777504777,4.3956
SH.600050,中国联通,2024-09-25 00:00:00,4.6356,4.7056,4.7956,4.6256,17.391,0.00977,302441049,1456834934.0,2.1712697585547955,4.6056
SH.600050,中国联通,2024-09-26 00:00:00,4.6956,4.8356,4.8356,4.6856,17.862,0.00835,258645459,1255226783.0,2.7626657599456137,4.7056
SH.600050,中国联通,2024-09-27 00:00:00,4.8756,4.8756,4.9456,4.7656,18.007,0.00594,183825329,908711832.0,0.8271982794275795,4.8356
SH.600050,中国联通,2024-09-30 00:00:00,4.9656,5.2556,5.2956,4.9356,19.384,0.01945,602375374,3141201481.0,7.793912544097134,4.8756
SH.600050,中国联通,2024-10-08 00:00:00,5.7856,5.4456,5.7956,5.2156,20.072,0.02328,720730563,4016208794.0,3.615191414871746,5.2556
SH.600050,中国联通,2024-10-09 00:00:00,5.3556,5.0756,5.3556,5.0456,18.731,0.0151,467442579,2478456610.0,-6.79447627442339,5.4456
SH.600050,中国联通,2024-10-10 00:00:00,5.1256,5.3156,5.5156,5.1256,19.601,0.01857,574917680,3139824572.0,4.728505004334468,5.0756
SH.600050,中国联通,2024-10-11 00:00:00,5.2556,5.0356,5.2756,4.9856,18.586,0.01179,365234045,1905343726.0,-5.26751448566484,5.3156
SH.600050,中国联通,2024-10-14 00:00:00,5.0556,5.1556,5.1956,5.0456,19.021,0.00802,248487799,1295241059.0,2.3830328064183037,5.0356
SH.600050,中国联通,2024-10-15 00:00:00,5.1356,5.0656,5.2256,5.0656,18.695,0.00667,206398537,1082120844.0,-1.7456746062533917,5.1556
SH.600050,中国联通,2024-10-16 00:00:00,5.0056,5.0656,5.1156,4.9856,18.695,0.00548,169819039,875171402.0,0.0,5.0656
SH.600050,中国联通,2024-10-17 00:00:00,5.0756,4.9756,5.1156,4.9556,18.369,0.00598,185240496,950036789.0,-1.7766898294377738,5.0656
SH.600050,中国联通,2024-10-18 00:00:00,4.9656,5.0756,5.1356,4.9156,18.731,0.00815,252311836,1292523712.0,2.0098078623683504,4.9756
SH.600050,中国联通,2024-10-21 00:00:00,5.0856,5.0656,5.0956,5.0056,18.695,0.00885,274134526,1406908606.0,-0.1970210418472651,5.0756
SH.600050,中国联通,2024-10-22 00:00:00,5.0556,5.0456,5.0656,4.9756,18.291,0.00725,224417990,1147459584.0,-0.39481996209727527,5.0656
SH.600050,中国联通,2024-10-23 00:00:00,5.0856,5.0456,5.1656,5.0256,18.291,0.01038,321397968,1663502594.0,0.0,5.0456
SH.600050,中国联通,2024-10-24 00:00:00,5.0256,4.9556,5.0356,4.9256,17.971,0.00781,241812576,1221694985.0,-1.7837323608688906,5.0456
SH.600050,中国联通,2024-10-25 00:00:00,4.9356,4.9656,4.9856,4.9256,18.007,0.00539,166842677,841955053.0,0.20179191218017345,4.9556
SH.600050,中国联通,2024-10-28 00:00:00,4.9456,5.0656,5.1256,4.9356,18.362,0.00905,280245168,1437754045.0,2.013855324633471,4.9656
SH.600050,中国联通,2024-10-29 00:00:00,5.0656,5.0156,5.0856,4.9756,18.185,0.00623,193013791,987328751.0,-0.9870499052432057,5.0656
SH.600050,中国联通,2024-10-30 00:00:00,5.03,5.01,5.03,4.97,17.829,0.00516,159707187,799108899.0,-0.11165164686179661,5.0156
SH.600050,中国联通,2024-10-31 00:00:00,5.0,4.99,5.03,4.96,17.758,0.00614,190017917,948520899.0,-0.3992015968063787,5.01
SH.600050,中国联通,2024-11-01 00:00:00,4.99,5.04,5.1,4.97,17.935,0.00947,293189015,1482116865.0,1.0020040080160284,4.99
SH.600050,中国联通,2024-11-04 00:00:00,5.05,5.04,5.05,4.96,17.935,0.00601,186002708,930594055.0,0.0,5.04
SH.600050,中国联通,2024-11-05 00:00:00,5.04,5.15,5.15,5.04,18.327,0.00978,302846070,1546765687.0,2.182539682539689,5.04
